Bujur,Lintang,Kepercayaan,Region,Provinsi,Kabupaten,Kecamatan,Satelit,Tanggal,Waktu
110.3506,-7.0108,8,JAWA,JAWA TENGAH,SEMARANG,NGALIYAN,AQUA,2021-02-26,13:17:00
112.6834,-7.2509,8,JAWA,JAWA TIMUR,SURABAYA,ASEMROWO,TERRA,2021-02-26,10:24:00
112.3167,0.7369,9,KALIMANTAN,KALIMANTAN BARAT,KAPUAS HULU,JONGKONG,SNPP,2021-02-26,13:29:45
110.1303,-1.0547,8,KALIMANTAN,KALIMANTAN BARAT,KAYONG UTARA,SIMPANG HILIR,SNPP,2021-02-26,13:29:45
110.1296,-1.0497,8,KALIMANTAN,KALIMANTAN BARAT,KAYONG UTARA,SIMPANG HILIR,SNPP,2021-02-26,13:29:45
110.1591,-1.0552,8,KALIMANTAN,KALIMANTAN BARAT,KAYONG UTARA,SIMPANG HILIR,SNPP,2021-02-26,13:29:45
110.1566,-1.0552,8,KALIMANTAN,KALIMANTAN BARAT,KAYONG UTARA,SIMPANG HILIR,SNPP,2021-02-27,00:29:47
110.1587,-1.0540,8,KALIMANTAN,KALIMANTAN BARAT,KAYONG UTARA,SIMPANG HILIR,SNPP,2021-02-27,00:29:47
110.1528,-1.0511,8,KALIMANTAN,KALIMANTAN BARAT,KAYONG UTARA,SIMPANG HILIR,SNPP,2021-02-26,13:29:45
110.1559,-1.0597,8,KALIMANTAN,KALIMANTAN BARAT,KAYONG UTARA,SIMPANG HILIR,SNPP,2021-02-27,00:29:47
110.1579,-1.0585,8,KALIMANTAN,KALIMANTAN BARAT,KAYONG UTARA,SIMPANG HILIR,SNPP,2021-02-27,00:29:47
109.9174,-1.0956,8,KALIMANTAN,KALIMANTAN BARAT,KAYONG UTARA,SIMPANG HILIR,SNPP,2021-02-27,00:29:47
109.9906,-1.0314,8,KALIMANTAN,KALIMANTAN BARAT,KAYONG UTARA,SIMPANG HILIR,SNPP,2021-02-26,13:29:45
109.9998,-1.0552,8,KALIMANTAN,KALIMANTAN BARAT,KAYONG UTARA,SIMPANG HILIR,SNPP,2021-02-26,13:29:45
109.9965,-1.0546,8,KALIMANTAN,KALIMANTAN BARAT,KAYONG UTARA,SIMPANG HILIR,SNPP,2021-02-26,13:29:45
109.9986,-1.0490,8,KALIMANTAN,KALIMANTAN BARAT,KAYONG UTARA,SIMPANG HILIR,TERRA,2021-02-26,10:24:00
109.9923,-1.0478,8,KALIMANTAN,KALIMANTAN BARAT,KAYONG UTARA,SIMPANG HILIR,TERRA,2021-02-26,10:24:00
110.0068,-1.0499,8,KALIMANTAN,KALIMANTAN BARAT,KAYONG UTARA,SIMPANG HILIR,TERRA,2021-02-26,10:24:00
110.0828,-1.3073,8,KALIMANTAN,KALIMANTAN BARAT,KAYONG UTARA,SUKADANA,SNPP,2021-02-26,13:29:45
110.0841,-1.3096,8,KALIMANTAN,KALIMANTAN BARAT,KAYONG UTARA,SUKADANA,SNPP,2021-02-27,00:29:47
109.3251,-0.8357,8,KALIMANTAN,KALIMANTAN BARAT,KUBU RAYA,BATU AMPAR,AQUA,2021-02-26,13:17:00
109.5038,-0.8003,8,KALIMANTAN,KALIMANTAN BARAT,KUBU RAYA,BATU AMPAR,AQUA,2021-02-26,13:17:00
109.2686,-0.7930,8,KALIMANTAN,KALIMANTAN BARAT,KUBU RAYA,BATU AMPAR,SNPP,2021-02-27,00:29:47
109.2670,-0.7952,8,KALIMANTAN,KALIMANTAN BARAT,KUBU RAYA,BATU AMPAR,SNPP,2021-02-26,13:29:45
109.2678,-0.7978,8,KALIMANTAN,KALIMANTAN BARAT,KUBU RAYA,BATU AMPAR,SNPP,2021-02-27,00:29:47
109.2692,-0.8025,8,KALIMANTAN,KALIMANTAN BARAT,KUBU RAYA,BATU AMPAR,SNPP,2021-02-27,00:29:47
109.3287,-0.8340,8,KALIMANTAN,KALIMANTAN BARAT,KUBU RAYA,BATU AMPAR,SNPP,2021-02-26,13:29:45
109.3270,-0.8356,8,KALIMANTAN,KALIMANTAN BARAT,KUBU RAYA,BATU AMPAR,SNPP,2021-02-26,13:29:45
109.5019,-0.8005,8,KALIMANTAN,KALIMANTAN BARAT,KUBU RAYA,BATU AMPAR,SNPP,2021-02-27,00:29:47
109.2642,-0.7764,8,KALIMANTAN,KALIMANTAN BARAT,KUBU RAYA,BATU AMPAR,SNPP,2021-02-26,13:29:45
109.2593,-0.7771,8,KALIMANTAN,KALIMANTAN BARAT,KUBU RAYA,BATU AMPAR,SNPP,2021-02-26,13:29:45
109.3681,0.0532,9,KALIMANTAN,KALIMANTAN BARAT,KUBU RAYA,KUALA MANDOR B,AQUA,2021-02-26,13:17:00
109.3717,0.0559,8,KALIMANTAN,KALIMANTAN BARAT,KUBU RAYA,KUALA MANDOR B,SNPP,2021-02-26,13:29:45
109.3657,0.0494,8,KALIMANTAN,KALIMANTAN BARAT,KUBU RAYA,KUALA MANDOR B,SNPP,2021-02-26,13:29:45
109.3673,0.0503,8,KALIMANTAN,KALIMANTAN BARAT,KUBU RAYA,KUALA MANDOR B,SNPP,2021-02-26,13:29:45
109.3702,0.0550,8,KALIMANTAN,KALIMANTAN BARAT,KUBU RAYA,KUALA MANDOR B,SNPP,2021-02-26,13:29:45
109.4524,0.0144,8,KALIMANTAN,KALIMANTAN BARAT,KUBU RAYA,KUALA MANDOR B,SNPP,2021-02-26,13:29:45
109.4285,-0.4430,9,KALIMANTAN,KALIMANTAN BARAT,KUBU RAYA,KUBU,AQUA,2021-02-27,01:43:00
109.4057,-0.4397,9,KALIMANTAN,KALIMANTAN BARAT,KUBU RAYA,KUBU,AQUA,2021-02-27,01:43:00
109.4010,-0.4393,9,KALIMANTAN,KALIMANTAN BARAT,KUBU RAYA,KUBU,AQUA,2021-02-26,13:17:00
109.4115,-0.4482,9,KALIMANTAN,KALIMANTAN BARAT,KUBU RAYA,KUBU,AQUA,2021-02-27,01:43:00
109.3915,-0.4407,9,KALIMANTAN,KALIMANTAN BARAT,KUBU RAYA,KUBU,AQUA,2021-02-26,13:17:00
109.4134,-0.4344,9,KALIMANTAN,KALIMANTAN BARAT,KUBU RAYA,KUBU,AQUA,2021-02-27,01:43:00
109.2079,-0.4386,9,KALIMANTAN,KALIMANTAN BARAT,KUBU RAYA,KUBU,AQUA,2021-02-26,13:17:00
109.4074,-0.4487,8,KALIMANTAN,KALIMANTAN BARAT,KUBU RAYA,KUBU,SNPP,2021-02-27,00:29:47
109.4125,-0.4496,8,KALIMANTAN,KALIMANTAN BARAT,KUBU RAYA,KUBU,SNPP,2021-02-27,00:29:47
109.4002,-0.4375,8,KALIMANTAN,KALIMANTAN BARAT,KUBU RAYA,KUBU,SNPP,2021-02-26,13:29:45
109.4038,-0.4384,8,KALIMANTAN,KALIMANTAN BARAT,KUBU RAYA,KUBU,SNPP,2021-02-27,00:29:47
109.4060,-0.4414,8,KALIMANTAN,KALIMANTAN BARAT,KUBU RAYA,KUBU,SNPP,2021-02-26,13:29:45
109.4089,-0.4392,8,KALIMANTAN,KALIMANTAN BARAT,KUBU RAYA,KUBU,SNPP,2021-02-27,00:29:47
109.4140,-0.4400,8,KALIMANTAN,KALIMANTAN BARAT,KUBU RAYA,KUBU,SNPP,2021-02-27,00:29:47
109.4082,-0.4440,8,KALIMANTAN,KALIMANTAN BARAT,KUBU RAYA,KUBU,SNPP,2021-02-27,00:29:47
109.4133,-0.4448,8,KALIMANTAN,KALIMANTAN BARAT,KUBU RAYA,KUBU,SNPP,2021-02-27,00:29:47
109.4067,-0.4462,8,KALIMANTAN,KALIMANTAN BARAT,KUBU RAYA,KUBU,SNPP,2021-02-26,13:29:45
109.4023,-0.4479,8,KALIMANTAN,KALIMANTAN BARAT,KUBU RAYA,KUBU,SNPP,2021-02-27,00:29:47
109.4016,-0.4470,8,KALIMANTAN,KALIMANTAN BARAT,KUBU RAYA,KUBU,SNPP,2021-02-26,13:29:45
109.4009,-0.4422,8,KALIMANTAN,KALIMANTAN BARAT,KUBU RAYA,KUBU,SNPP,2021-02-26,13:29:45
109.4030,-0.4431,8,KALIMANTAN,KALIMANTAN BARAT,KUBU RAYA,KUBU,SNPP,2021-02-27,00:29:47
109.3979,-0.4423,8,KALIMANTAN,KALIMANTAN BARAT,KUBU RAYA,KUBU,SNPP,2021-02-27,00:29:47
109.3958,-0.4430,9,KALIMANTAN,KALIMANTAN BARAT,KUBU RAYA,KUBU,SNPP,2021-02-26,13:29:45
109.3971,-0.4471,8,KALIMANTAN,KALIMANTAN BARAT,KUBU RAYA,KUBU,SNPP,2021-02-27,00:29:47
109.3965,-0.4478,8,KALIMANTAN,KALIMANTAN BARAT,KUBU RAYA,KUBU,SNPP,2021-02-26,13:29:45
109.3920,-0.4463,8,KALIMANTAN,KALIMANTAN BARAT,KUBU RAYA,KUBU,SNPP,2021-02-27,00:29:47
109.3951,-0.4383,8,KALIMANTAN,KALIMANTAN BARAT,KUBU RAYA,KUBU,SNPP,2021-02-26,13:29:45
109.3987,-0.4376,8,KALIMANTAN,KALIMANTAN BARAT,KUBU RAYA,KUBU,SNPP,2021-02-27,00:29:47
109.2124,-0.4326,8,KALIMANTAN,KALIMANTAN BARAT,KUBU RAYA,KUBU,SNPP,2021-02-27,00:29:47
109.2090,-0.4334,7,KALIMANTAN,KALIMANTAN BARAT,KUBU RAYA,KUBU,SNPP,2021-02-26,13:29:45
109.2097,-0.4381,8,KALIMANTAN,KALIMANTAN BARAT,KUBU RAYA,KUBU,SNPP,2021-02-26,13:29:45
109.2116,-0.4375,8,KALIMANTAN,KALIMANTAN BARAT,KUBU RAYA,KUBU,SNPP,2021-02-27,00:29:47
109.2104,-0.4428,8,KALIMANTAN,KALIMANTAN BARAT,KUBU RAYA,KUBU,SNPP,2021-02-26,13:29:45
109.2055,-0.4436,7,KALIMANTAN,KALIMANTAN BARAT,KUBU RAYA,KUBU,SNPP,2021-02-26,13:29:45
109.2083,-0.4624,8,KALIMANTAN,KALIMANTAN BARAT,KUBU RAYA,KUBU,SNPP,2021-02-26,13:29:45
109.2034,-0.4632,8,KALIMANTAN,KALIMANTAN BARAT,KUBU RAYA,KUBU,SNPP,2021-02-26,13:29:45
109.6188,-0.5215,8,KALIMANTAN,KALIMANTAN BARAT,KUBU RAYA,KUBU,TERRA,2021-02-26,10:24:00
109.4029,-0.4348,9,KALIMANTAN,KALIMANTAN BARAT,KUBU RAYA,KUBU,TERRA,2021-02-26,10:24:00
109.4102,-0.4475,9,KALIMANTAN,KALIMANTAN BARAT,KUBU RAYA,KUBU,TERRA,2021-02-26,22:43:00
109.4013,-0.4454,9,KALIMANTAN,KALIMANTAN BARAT,KUBU RAYA,KUBU,TERRA,2021-02-26,10:24:00
109.3885,-0.4435,8,KALIMANTAN,KALIMANTAN BARAT,KUBU RAYA,KUBU,TERRA,2021-02-26,10:24:00
109.4078,-0.4314,8,KALIMANTAN,KALIMANTAN BARAT,KUBU RAYA,KUBU,TERRA,2021-02-26,22:43:00
109.3345,-0.2647,8,KALIMANTAN,KALIMANTAN BARAT,KUBU RAYA,RASAUJAYA,AQUA,2021-02-26,13:17:00
109.3332,-0.2555,9,KALIMANTAN,KALIMANTAN BARAT,KUBU RAYA,RASAUJAYA,AQUA,2021-02-26,13:17:00
109.3319,-0.2463,9,KALIMANTAN,KALIMANTAN BARAT,KUBU RAYA,RASAUJAYA,AQUA,2021-02-26,13:17:00
109.3414,-0.2449,9,KALIMANTAN,KALIMANTAN BARAT,KUBU RAYA,RASAUJAYA,AQUA,2021-02-26,13:17:00
109.3237,-0.2569,8,KALIMANTAN,KALIMANTAN BARAT,KUBU RAYA,RASAUJAYA,AQUA,2021-02-26,13:17:00
109.2683,-0.2083,8,KALIMANTAN,KALIMANTAN BARAT,KUBU RAYA,RASAUJAYA,AQUA,2021-02-26,13:17:00
109.2791,-0.2162,8,KALIMANTAN,KALIMANTAN BARAT,KUBU RAYA,RASAUJAYA,AQUA,2021-02-26,13:17:00
109.3252,-0.2001,8,KALIMANTAN,KALIMANTAN BARAT,KUBU RAYA,RASAUJAYA,AQUA,2021-02-26,13:17:00
109.3239,-0.1909,9,KALIMANTAN,KALIMANTAN BARAT,KUBU RAYA,RASAUJAYA,AQUA,2021-02-26,13:17:00
109.3347,-0.1987,9,KALIMANTAN,KALIMANTAN BARAT,KUBU RAYA,RASAUJAYA,AQUA,2021-02-26,13:17:00
109.3369,-0.2667,8,KALIMANTAN,KALIMANTAN BARAT,KUBU RAYA,RASAUJAYA,SNPP,2021-02-26,13:29:45
109.3303,-0.2580,8,KALIMANTAN,KALIMANTAN BARAT,KUBU RAYA,RASAUJAYA,SNPP,2021-02-26,13:29:45
109.3354,-0.2572,8,KALIMANTAN,KALIMANTAN BARAT,KUBU RAYA,RASAUJAYA,SNPP,2021-02-26,13:29:45
109.3423,-0.2531,8,KALIMANTAN,KALIMANTAN BARAT,KUBU RAYA,RASAUJAYA,SNPP,2021-02-27,00:29:47
109.3475,-0.2539,8,KALIMANTAN,KALIMANTAN BARAT,KUBU RAYA,RASAUJAYA,SNPP,2021-02-27,00:29:47
109.3494,-0.2453,8,KALIMANTAN,KALIMANTAN BARAT,KUBU RAYA,RASAUJAYA,SNPP,2021-02-26,13:29:45
109.3501,-0.2501,7,KALIMANTAN,KALIMANTAN BARAT,KUBU RAYA,RASAUJAYA,SNPP,2021-02-26,13:29:45
109.3482,-0.2491,8,KALIMANTAN,KALIMANTAN BARAT,KUBU RAYA,RASAUJAYA,SNPP,2021-02-27,00:29:47
109.3442,-0.2461,7,KALIMANTAN,KALIMANTAN BARAT,KUBU RAYA,RASAUJAYA,SNPP,2021-02-26,13:29:45
109.3391,-0.2469,8,KALIMANTAN,KALIMANTAN BARAT,KUBU RAYA,RASAUJAYA,SNPP,2021-02-26,13:29:45
109.3378,-0.2474,8,KALIMANTAN,KALIMANTAN BARAT,KUBU RAYA,RASAUJAYA,SNPP,2021-02-27,00:29:47
109.3430,-0.2482,8,KALIMANTAN,KALIMANTAN BARAT,KUBU RAYA,RASAUJAYA,SNPP,2021-02-27,00:29:47
109.3398,-0.2517,8,KALIMANTAN,KALIMANTAN BARAT,KUBU RAYA,RASAUJAYA,SNPP,2021-02-26,13:29:45
109.3347,-0.2524,8,KALIMANTAN,KALIMANTAN BARAT,KUBU RAYA,RASAUJAYA,SNPP,2021-02-26,13:29:45
109.3371,-0.2522,8,KALIMANTAN,KALIMANTAN BARAT,KUBU RAYA,RASAUJAYA,SNPP,2021-02-27,00:29:47
109.3340,-0.2477,7,KALIMANTAN,KALIMANTAN BARAT,KUBU RAYA,RASAUJAYA,SNPP,2021-02-26,13:29:45
109.3326,-0.2466,8,KALIMANTAN,KALIMANTAN BARAT,KUBU RAYA,RASAUJAYA,SNPP,2021-02-27,00:29:47
109.3333,-0.2429,8,KALIMANTAN,KALIMANTAN BARAT,KUBU RAYA,RASAUJAYA,SNPP,2021-02-26,13:29:45
109.3438,-0.2434,8,KALIMANTAN,KALIMANTAN BARAT,KUBU RAYA,RASAUJAYA,SNPP,2021-02-27,00:29:47
109.3386,-0.2426,8,KALIMANTAN,KALIMANTAN BARAT,KUBU RAYA,RASAUJAYA,SNPP,2021-02-27,00:29:47
109.3384,-0.2421,8,KALIMANTAN,KALIMANTAN BARAT,KUBU RAYA,RASAUJAYA,SNPP,2021-02-26,13:29:45
109.3349,-0.2322,8,KALIMANTAN,KALIMANTAN BARAT,KUBU RAYA,RASAUJAYA,SNPP,2021-02-27,00:29:47
109.3401,-0.2330,8,KALIMANTAN,KALIMANTAN BARAT,KUBU RAYA,RASAUJAYA,SNPP,2021-02-27,00:29:47
109.3409,-0.2282,8,KALIMANTAN,KALIMANTAN BARAT,KUBU RAYA,RASAUJAYA,SNPP,2021-02-27,00:29:47
109.3304,-0.2265,8,KALIMANTAN,KALIMANTAN BARAT,KUBU RAYA,RASAUJAYA,SNPP,2021-02-27,00:29:47
109.3356,-0.2274,8,KALIMANTAN,KALIMANTAN BARAT,KUBU RAYA,RASAUJAYA,SNPP,2021-02-27,00:29:47
109.3282,-0.2437,8,KALIMANTAN,KALIMANTAN BARAT,KUBU RAYA,RASAUJAYA,SNPP,2021-02-26,13:29:45
109.3289,-0.2485,7,KALIMANTAN,KALIMANTAN BARAT,KUBU RAYA,RASAUJAYA,SNPP,2021-02-26,13:29:45
109.3267,-0.2506,8,KALIMANTAN,KALIMANTAN BARAT,KUBU RAYA,RASAUJAYA,SNPP,2021-02-27,00:29:47
109.3238,-0.2493,8,KALIMANTAN,KALIMANTAN BARAT,KUBU RAYA,RASAUJAYA,SNPP,2021-02-26,13:29:45
109.3296,-0.2532,7,KALIMANTAN,KALIMANTAN BARAT,KUBU RAYA,RASAUJAYA,SNPP,2021-02-26,13:29:45
109.3245,-0.2540,8,KALIMANTAN,KALIMANTAN BARAT,KUBU RAYA,RASAUJAYA,SNPP,2021-02-26,13:29:45
109.3252,-0.2588,7,KALIMANTAN,KALIMANTAN BARAT,KUBU RAYA,RASAUJAYA,SNPP,2021-02-26,13:29:45
109.2679,-0.2464,8,KALIMANTAN,KALIMANTAN BARAT,KUBU RAYA,RASAUJAYA,SNPP,2021-02-27,00:29:47
109.2668,-0.2483,8,KALIMANTAN,KALIMANTAN BARAT,KUBU RAYA,RASAUJAYA,SNPP,2021-02-26,13:29:45
109.2654,-0.2048,8,KALIMANTAN,KALIMANTAN BARAT,KUBU RAYA,RASAUJAYA,SNPP,2021-02-26,13:29:45
109.2661,-0.2096,8,KALIMANTAN,KALIMANTAN BARAT,KUBU RAYA,RASAUJAYA,SNPP,2021-02-26,13:29:45
109.2711,-0.2088,8,KALIMANTAN,KALIMANTAN BARAT,KUBU RAYA,RASAUJAYA,SNPP,2021-02-26,13:29:45
109.2718,-0.2135,8,KALIMANTAN,KALIMANTAN BARAT,KUBU RAYA,RASAUJAYA,SNPP,2021-02-26,13:29:45
109.2775,-0.2175,8,KALIMANTAN,KALIMANTAN BARAT,KUBU RAYA,RASAUJAYA,SNPP,2021-02-26,13:29:45
109.2768,-0.2127,9,KALIMANTAN,KALIMANTAN BARAT,KUBU RAYA,RASAUJAYA,SNPP,2021-02-26,13:29:45
109.3269,-0.2000,8,KALIMANTAN,KALIMANTAN BARAT,KUBU RAYA,RASAUJAYA,SNPP,2021-02-26,13:29:45
109.3159,-0.1969,8,KALIMANTAN,KALIMANTAN BARAT,KUBU RAYA,RASAUJAYA,SNPP,2021-02-26,13:29:45
109.2805,-0.2024,8,KALIMANTAN,KALIMANTAN BARAT,KUBU RAYA,RASAUJAYA,SNPP,2021-02-26,13:29:45
109.3210,-0.1961,8,KALIMANTAN,KALIMANTAN BARAT,KUBU RAYA,RASAUJAYA,SNPP,2021-02-26,13:29:45
109.3363,-0.1936,8,KALIMANTAN,KALIMANTAN BARAT,KUBU RAYA,RASAUJAYA,SNPP,2021-02-26,13:29:45
109.3313,-0.1944,8,KALIMANTAN,KALIMANTAN BARAT,KUBU RAYA,RASAUJAYA,SNPP,2021-02-26,13:29:45
109.3320,-0.1992,8,KALIMANTAN,KALIMANTAN BARAT,KUBU RAYA,RASAUJAYA,SNPP,2021-02-26,13:29:45
109.3327,-0.2040,8,KALIMANTAN,KALIMANTAN BARAT,KUBU RAYA,RASAUJAYA,SNPP,2021-02-26,13:29:45
109.3305,-0.2238,8,KALIMANTAN,KALIMANTAN BARAT,KUBU RAYA,RASAUJAYA,SNPP,2021-02-26,13:29:45
109.3356,-0.2230,8,KALIMANTAN,KALIMANTAN BARAT,KUBU RAYA,RASAUJAYA,SNPP,2021-02-26,13:29:45
109.3416,-0.2234,8,KALIMANTAN,KALIMANTAN BARAT,KUBU RAYA,RASAUJAYA,SNPP,2021-02-27,00:29:47
109.3350,-0.2627,8,KALIMANTAN,KALIMANTAN BARAT,KUBU RAYA,RASAUJAYA,TERRA,2021-02-26,10:24:00
109.3492,-0.2540,9,KALIMANTAN,KALIMANTAN BARAT,KUBU RAYA,RASAUJAYA,TERRA,2021-02-26,10:24:00
109.3507,-0.2434,9,KALIMANTAN,KALIMANTAN BARAT,KUBU RAYA,RASAUJAYA,TERRA,2021-02-26,10:24:00
109.3365,-0.2521,9,KALIMANTAN,KALIMANTAN BARAT,KUBU RAYA,RASAUJAYA,TERRA,2021-02-26,10:24:00
109.3342,-0.2440,8,KALIMANTAN,KALIMANTAN BARAT,KUBU RAYA,RASAUJAYA,TERRA,2021-02-26,22:43:00
109.3380,-0.2415,9,KALIMANTAN,KALIMANTAN BARAT,KUBU RAYA,RASAUJAYA,TERRA,2021-02-26,10:24:00
109.2778,-0.2113,8,KALIMANTAN,KALIMANTAN BARAT,KUBU RAYA,RASAUJAYA,TERRA,2021-02-26,10:24:00
109.2765,-0.1977,8,KALIMANTAN,KALIMANTAN BARAT,KUBU RAYA,SUNGAIKAKAP,AQUA,2021-02-26,13:17:00
109.3130,-0.1830,8,KALIMANTAN,KALIMANTAN BARAT,KUBU RAYA,SUNGAIKAKAP,AQUA,2021-02-26,13:17:00
109.3159,-0.1760,9,KALIMANTAN,KALIMANTAN BARAT,KUBU RAYA,SUNGAIKAKAP,AQUA,2021-02-26,13:17:00
109.3225,-0.1816,9,KALIMANTAN,KALIMANTAN BARAT,KUBU RAYA,SUNGAIKAKAP,AQUA,2021-02-26,13:17:00
109.3254,-0.1747,9,KALIMANTAN,KALIMANTAN BARAT,KUBU RAYA,SUNGAIKAKAP,AQUA,2021-02-26,13:17:00
109.3201,-0.1377,9,KALIMANTAN,KALIMANTAN BARAT,KUBU RAYA,SUNGAIKAKAP,AQUA,2021-02-26,13:17:00
109.3296,-0.1364,9,KALIMANTAN,KALIMANTAN BARAT,KUBU RAYA,SUNGAIKAKAP,AQUA,2021-02-26,13:17:00
109.3241,-0.1655,9,KALIMANTAN,KALIMANTAN BARAT,KUBU RAYA,SUNGAIKAKAP,AQUA,2021-02-26,13:17:00
109.3323,-0.1549,8,KALIMANTAN,KALIMANTAN BARAT,KUBU RAYA,SUNGAIKAKAP,AQUA,2021-02-26,13:17:00
109.3418,-0.1535,9,KALIMANTAN,KALIMANTAN BARAT,KUBU RAYA,SUNGAIKAKAP,AQUA,2021-02-26,13:17:00
109.3310,-0.1456,9,KALIMANTAN,KALIMANTAN BARAT,KUBU RAYA,SUNGAIKAKAP,AQUA,2021-02-26,13:17:00
109.3391,-0.1350,9,KALIMANTAN,KALIMANTAN BARAT,KUBU RAYA,SUNGAIKAKAP,AQUA,2021-02-26,13:17:00
109.3487,-0.1336,8,KALIMANTAN,KALIMANTAN BARAT,KUBU RAYA,SUNGAIKAKAP,AQUA,2021-02-26,13:17:00
109.3378,-0.1258,9,KALIMANTAN,KALIMANTAN BARAT,KUBU RAYA,SUNGAIKAKAP,AQUA,2021-02-26,13:17:00
109.3365,-0.1165,9,KALIMANTAN,KALIMANTAN BARAT,KUBU RAYA,SUNGAIKAKAP,AQUA,2021-02-26,13:17:00
109.3460,-0.1151,9,KALIMANTAN,KALIMANTAN BARAT,KUBU RAYA,SUNGAIKAKAP,AQUA,2021-02-26,13:17:00
109.3473,-0.1244,9,KALIMANTAN,KALIMANTAN BARAT,KUBU RAYA,SUNGAIKAKAP,AQUA,2021-02-26,13:17:00
109.3444,-0.1720,9,KALIMANTAN,KALIMANTAN BARAT,KUBU RAYA,SUNGAIKAKAP,AQUA,2021-02-26,13:17:00
109.3349,-0.1733,9,KALIMANTAN,KALIMANTAN BARAT,KUBU RAYA,SUNGAIKAKAP,AQUA,2021-02-26,13:17:00
109.3416,-0.1789,9,KALIMANTAN,KALIMANTAN BARAT,KUBU RAYA,SUNGAIKAKAP,AQUA,2021-02-26,13:17:00
109.3320,-0.1803,9,KALIMANTAN,KALIMANTAN BARAT,KUBU RAYA,SUNGAIKAKAP,AQUA,2021-02-26,13:17:00
109.3334,-0.1895,9,KALIMANTAN,KALIMANTAN BARAT,KUBU RAYA,SUNGAIKAKAP,AQUA,2021-02-26,13:17:00
109.3352,-0.1073,8,KALIMANTAN,KALIMANTAN BARAT,KUBU RAYA,SUNGAIKAKAP,AQUA,2021-02-26,13:17:00
109.3338,-0.0980,9,KALIMANTAN,KALIMANTAN BARAT,KUBU RAYA,SUNGAIKAKAP,AQUA,2021-02-26,13:17:00
109.3230,-0.0902,8,KALIMANTAN,KALIMANTAN BARAT,KUBU RAYA,SUNGAIKAKAP,AQUA,2021-02-26,13:17:00
109.3243,-0.0994,9,KALIMANTAN,KALIMANTAN BARAT,KUBU RAYA,SUNGAIKAKAP,AQUA,2021-02-26,13:17:00
109.3256,-0.1086,8,KALIMANTAN,KALIMANTAN BARAT,KUBU RAYA,SUNGAIKAKAP,AQUA,2021-02-26,13:17:00
109.2798,-0.1977,8,KALIMANTAN,KALIMANTAN BARAT,KUBU RAYA,SUNGAIKAKAP,SNPP,2021-02-26,13:29:45
109.2748,-0.1985,7,KALIMANTAN,KALIMANTAN BARAT,KUBU RAYA,SUNGAIKAKAP,SNPP,2021-02-26,13:29:45
109.2768,-0.1977,8,KALIMANTAN,KALIMANTAN BARAT,KUBU RAYA,SUNGAIKAKAP,SNPP,2021-02-26,13:29:45
109.2842,-0.1921,8,KALIMANTAN,KALIMANTAN BARAT,KUBU RAYA,SUNGAIKAKAP,SNPP,2021-02-26,13:29:45
109.2862,-0.1914,8,KALIMANTAN,KALIMANTAN BARAT,KUBU RAYA,SUNGAIKAKAP,SNPP,2021-02-26,13:29:45
109.2812,-0.1921,8,KALIMANTAN,KALIMANTAN BARAT,KUBU RAYA,SUNGAIKAKAP,SNPP,2021-02-26,13:29:45
109.3262,-0.1863,8,KALIMANTAN,KALIMANTAN BARAT,KUBU RAYA,SUNGAIKAKAP,SNPP,2021-02-27,00:29:47
109.3298,-0.1849,8,KALIMANTAN,KALIMANTAN BARAT,KUBU RAYA,SUNGAIKAKAP,SNPP,2021-02-26,13:29:45
109.3283,-0.1828,8,KALIMANTAN,KALIMANTAN BARAT,KUBU RAYA,SUNGAIKAKAP,SNPP,2021-02-27,00:29:47
109.3153,-0.1773,9,KALIMANTAN,KALIMANTAN BARAT,KUBU RAYA,SUNGAIKAKAP,SNPP,2021-02-26,13:29:45
109.3270,-0.1815,8,KALIMANTAN,KALIMANTAN BARAT,KUBU RAYA,SUNGAIKAKAP,SNPP,2021-02-27,00:29:47
109.3291,-0.1801,8,KALIMANTAN,KALIMANTAN BARAT,KUBU RAYA,SUNGAIKAKAP,SNPP,2021-02-26,13:29:45
109.3182,-0.1770,8,KALIMANTAN,KALIMANTAN BARAT,KUBU RAYA,SUNGAIKAKAP,SNPP,2021-02-26,13:29:45
109.3248,-0.1710,8,KALIMANTAN,KALIMANTAN BARAT,KUBU RAYA,SUNGAIKAKAP,SNPP,2021-02-26,13:29:45
109.3226,-0.1714,9,KALIMANTAN,KALIMANTAN BARAT,KUBU RAYA,SUNGAIKAKAP,SNPP,2021-02-26,13:29:45
109.3197,-0.1717,8,KALIMANTAN,KALIMANTAN BARAT,KUBU RAYA,SUNGAIKAKAP,SNPP,2021-02-26,13:29:45
109.2741,-0.1937,7,KALIMANTAN,KALIMANTAN BARAT,KUBU RAYA,SUNGAIKAKAP,SNPP,2021-02-26,13:29:45
109.3250,-0.1368,8,KALIMANTAN,KALIMANTAN BARAT,KUBU RAYA,SUNGAIKAKAP,SNPP,2021-02-26,13:29:45
109.3301,-0.1360,8,KALIMANTAN,KALIMANTAN BARAT,KUBU RAYA,SUNGAIKAKAP,SNPP,2021-02-26,13:29:45
109.3285,-0.1606,8,KALIMANTAN,KALIMANTAN BARAT,KUBU RAYA,SUNGAIKAKAP,SNPP,2021-02-26,13:29:45
109.3219,-0.1666,9,KALIMANTAN,KALIMANTAN BARAT,KUBU RAYA,SUNGAIKAKAP,SNPP,2021-02-26,13:29:45
109.3190,-0.1670,8,KALIMANTAN,KALIMANTAN BARAT,KUBU RAYA,SUNGAIKAKAP,SNPP,2021-02-26,13:29:45
109.3240,-0.1662,8,KALIMANTAN,KALIMANTAN BARAT,KUBU RAYA,SUNGAIKAKAP,SNPP,2021-02-26,13:29:45
109.3270,-0.1658,8,KALIMANTAN,KALIMANTAN BARAT,KUBU RAYA,SUNGAIKAKAP,SNPP,2021-02-26,13:29:45
109.3401,-0.1686,9,KALIMANTAN,KALIMANTAN BARAT,KUBU RAYA,SUNGAIKAKAP,SNPP,2021-02-26,13:29:45
109.3430,-0.1682,9,KALIMANTAN,KALIMANTAN BARAT,KUBU RAYA,SUNGAIKAKAP,SNPP,2021-02-26,13:29:45
109.3452,-0.1679,9,KALIMANTAN,KALIMANTAN BARAT,KUBU RAYA,SUNGAIKAKAP,SNPP,2021-02-26,13:29:45
109.3481,-0.1674,8,KALIMANTAN,KALIMANTAN BARAT,KUBU RAYA,SUNGAIKAKAP,SNPP,2021-02-26,13:29:45
109.3424,-0.1488,8,KALIMANTAN,KALIMANTAN BARAT,KUBU RAYA,SUNGAIKAKAP,SNPP,2021-02-26,13:29:45
109.3373,-0.1495,8,KALIMANTAN,KALIMANTAN BARAT,KUBU RAYA,SUNGAIKAKAP,SNPP,2021-02-26,13:29:45
109.3431,-0.1535,8,KALIMANTAN,KALIMANTAN BARAT,KUBU RAYA,SUNGAIKAKAP,SNPP,2021-02-26,13:29:45
109.3380,-0.1543,8,KALIMANTAN,KALIMANTAN BARAT,KUBU RAYA,SUNGAIKAKAP,SNPP,2021-02-26,13:29:45
109.3315,-0.1455,8,KALIMANTAN,KALIMANTAN BARAT,KUBU RAYA,SUNGAIKAKAP,SNPP,2021-02-26,13:29:45
109.3352,-0.1352,8,KALIMANTAN,KALIMANTAN BARAT,KUBU RAYA,SUNGAIKAKAP,SNPP,2021-02-26,13:29:45
109.3403,-0.1344,8,KALIMANTAN,KALIMANTAN BARAT,KUBU RAYA,SUNGAIKAKAP,SNPP,2021-02-26,13:29:45
109.3410,-0.1392,8,KALIMANTAN,KALIMANTAN BARAT,KUBU RAYA,SUNGAIKAKAP,SNPP,2021-02-26,13:29:45
109.3454,-0.1336,8,KALIMANTAN,KALIMANTAN BARAT,KUBU RAYA,SUNGAIKAKAP,SNPP,2021-02-26,13:29:45
109.3396,-0.1296,8,KALIMANTAN,KALIMANTAN BARAT,KUBU RAYA,SUNGAIKAKAP,SNPP,2021-02-26,13:29:45
109.3344,-0.1304,8,KALIMANTAN,KALIMANTAN BARAT,KUBU RAYA,SUNGAIKAKAP,SNPP,2021-02-26,13:29:45
109.3440,-0.1241,8,KALIMANTAN,KALIMANTAN BARAT,KUBU RAYA,SUNGAIKAKAP,SNPP,2021-02-26,13:29:45
109.3389,-0.1249,8,KALIMANTAN,KALIMANTAN BARAT,KUBU RAYA,SUNGAIKAKAP,SNPP,2021-02-26,13:29:45
109.3382,-0.1201,8,KALIMANTAN,KALIMANTAN BARAT,KUBU RAYA,SUNGAIKAKAP,SNPP,2021-02-26,13:29:45
109.3375,-0.1153,8,KALIMANTAN,KALIMANTAN BARAT,KUBU RAYA,SUNGAIKAKAP,SNPP,2021-02-26,13:29:45
109.3426,-0.1145,8,KALIMANTAN,KALIMANTAN BARAT,KUBU RAYA,SUNGAIKAKAP,SNPP,2021-02-26,13:29:45
109.3433,-0.1193,9,KALIMANTAN,KALIMANTAN BARAT,KUBU RAYA,SUNGAIKAKAP,SNPP,2021-02-26,13:29:45
109.3485,-0.1185,8,KALIMANTAN,KALIMANTAN BARAT,KUBU RAYA,SUNGAIKAKAP,SNPP,2021-02-26,13:29:45
109.3478,-0.1137,8,KALIMANTAN,KALIMANTAN BARAT,KUBU RAYA,SUNGAIKAKAP,SNPP,2021-02-26,13:29:45
109.3459,-0.1726,8,KALIMANTAN,KALIMANTAN BARAT,KUBU RAYA,SUNGAIKAKAP,SNPP,2021-02-26,13:29:45
109.3379,-0.1690,8,KALIMANTAN,KALIMANTAN BARAT,KUBU RAYA,SUNGAIKAKAP,SNPP,2021-02-26,13:29:45
109.3335,-0.1746,8,KALIMANTAN,KALIMANTAN BARAT,KUBU RAYA,SUNGAIKAKAP,SNPP,2021-02-26,13:29:45
109.3306,-0.1750,8,KALIMANTAN,KALIMANTAN BARAT,KUBU RAYA,SUNGAIKAKAP,SNPP,2021-02-26,13:29:45
109.3357,-0.1742,8,KALIMANTAN,KALIMANTAN BARAT,KUBU RAYA,SUNGAIKAKAP,SNPP,2021-02-26,13:29:45
109.3437,-0.1729,8,KALIMANTAN,KALIMANTAN BARAT,KUBU RAYA,SUNGAIKAKAP,SNPP,2021-02-26,13:29:45
109.3393,-0.1785,8,KALIMANTAN,KALIMANTAN BARAT,KUBU RAYA,SUNGAIKAKAP,SNPP,2021-02-26,13:29:45
109.3364,-0.1790,9,KALIMANTAN,KALIMANTAN BARAT,KUBU RAYA,SUNGAIKAKAP,SNPP,2021-02-26,13:29:45
109.3342,-0.1793,8,KALIMANTAN,KALIMANTAN BARAT,KUBU RAYA,SUNGAIKAKAP,SNPP,2021-02-26,13:29:45
109.3313,-0.1797,8,KALIMANTAN,KALIMANTAN BARAT,KUBU RAYA,SUNGAIKAKAP,SNPP,2021-02-26,13:29:45
109.3444,-0.1777,8,KALIMANTAN,KALIMANTAN BARAT,KUBU RAYA,SUNGAIKAKAP,SNPP,2021-02-26,13:29:45
109.3400,-0.1833,8,KALIMANTAN,KALIMANTAN BARAT,KUBU RAYA,SUNGAIKAKAP,SNPP,2021-02-26,13:29:45
109.3349,-0.1841,9,KALIMANTAN,KALIMANTAN BARAT,KUBU RAYA,SUNGAIKAKAP,SNPP,2021-02-26,13:29:45
109.3371,-0.1837,8,KALIMANTAN,KALIMANTAN BARAT,KUBU RAYA,SUNGAIKAKAP,SNPP,2021-02-26,13:29:45
109.3320,-0.1845,9,KALIMANTAN,KALIMANTAN BARAT,KUBU RAYA,SUNGAIKAKAP,SNPP,2021-02-26,13:29:45
109.3305,-0.1897,7,KALIMANTAN,KALIMANTAN BARAT,KUBU RAYA,SUNGAIKAKAP,SNPP,2021-02-26,13:29:45
109.3356,-0.1889,8,KALIMANTAN,KALIMANTAN BARAT,KUBU RAYA,SUNGAIKAKAP,SNPP,2021-02-26,13:29:45
109.3420,-0.1097,8,KALIMANTAN,KALIMANTAN BARAT,KUBU RAYA,SUNGAIKAKAP,SNPP,2021-02-26,13:29:45
109.3303,-0.1018,8,KALIMANTAN,KALIMANTAN BARAT,KUBU RAYA,SUNGAIKAKAP,SNPP,2021-02-26,13:29:45
109.3057,-0.0763,8,KALIMANTAN,KALIMANTAN BARAT,KUBU RAYA,SUNGAIKAKAP,SNPP,2021-02-26,13:29:45
109.3072,-0.0765,8,KALIMANTAN,KALIMANTAN BARAT,KUBU RAYA,SUNGAIKAKAP,SNPP,2021-02-26,13:29:45
109.3231,-0.0882,8,KALIMANTAN,KALIMANTAN BARAT,KUBU RAYA,SUNGAIKAKAP,SNPP,2021-02-26,13:29:45
109.3194,-0.0986,8,KALIMANTAN,KALIMANTAN BARAT,KUBU RAYA,SUNGAIKAKAP,SNPP,2021-02-26,13:29:45
109.3238,-0.0930,8,KALIMANTAN,KALIMANTAN BARAT,KUBU RAYA,SUNGAIKAKAP,SNPP,2021-02-26,13:29:45
109.3296,-0.0970,8,KALIMANTAN,KALIMANTAN BARAT,KUBU RAYA,SUNGAIKAKAP,SNPP,2021-02-26,13:29:45
109.3245,-0.0978,8,KALIMANTAN,KALIMANTAN BARAT,KUBU RAYA,SUNGAIKAKAP,SNPP,2021-02-26,13:29:45
109.3201,-0.1034,8,KALIMANTAN,KALIMANTAN BARAT,KUBU RAYA,SUNGAIKAKAP,SNPP,2021-02-26,13:29:45
109.3252,-0.1026,8,KALIMANTAN,KALIMANTAN BARAT,KUBU RAYA,SUNGAIKAKAP,SNPP,2021-02-26,13:29:45
109.3259,-0.1073,8,KALIMANTAN,KALIMANTAN BARAT,KUBU RAYA,SUNGAIKAKAP,SNPP,2021-02-26,13:29:45
109.3203,-0.1879,8,KALIMANTAN,KALIMANTAN BARAT,KUBU RAYA,SUNGAIKAKAP,TERRA,2021-02-26,22:43:00
109.3286,-0.1700,9,KALIMANTAN,KALIMANTAN BARAT,KUBU RAYA,SUNGAIKAKAP,TERRA,2021-02-26,10:24:00
109.3398,-0.1824,8,KALIMANTAN,KALIMANTAN BARAT,KUBU RAYA,SUNGAIKAKAP,TERRA,2021-02-26,10:24:00
109.3426,-0.1124,8,KALIMANTAN,KALIMANTAN BARAT,KUBU RAYA,SUNGAIKAKAP,TERRA,2021-02-26,10:24:00
109.5530,-0.2409,9,KALIMANTAN,KALIMANTAN BARAT,KUBU RAYA,SUNGAIRAYA,AQUA,2021-02-26,13:17:00
109.4877,-0.2431,8,KALIMANTAN,KALIMANTAN BARAT,KUBU RAYA,SUNGAIRAYA,AQUA,2021-02-26,13:17:00
109.4973,-0.2417,8,KALIMANTAN,KALIMANTAN BARAT,KUBU RAYA,SUNGAIRAYA,AQUA,2021-02-26,13:17:00
109.4951,-0.2493,8,KALIMANTAN,KALIMANTAN BARAT,KUBU RAYA,SUNGAIRAYA,AQUA,2021-02-26,13:17:00
109.4964,-0.2586,9,KALIMANTAN,KALIMANTAN BARAT,KUBU RAYA,SUNGAIRAYA,AQUA,2021-02-26,13:17:00
109.4977,-0.2679,8,KALIMANTAN,KALIMANTAN BARAT,KUBU RAYA,SUNGAIRAYA,AQUA,2021-02-26,13:17:00
109.4948,-0.3158,9,KALIMANTAN,KALIMANTAN BARAT,KUBU RAYA,SUNGAIRAYA,AQUA,2021-02-26,13:17:00
109.4961,-0.3251,8,KALIMANTAN,KALIMANTAN BARAT,KUBU RAYA,SUNGAIRAYA,AQUA,2021-02-26,13:17:00
109.5057,-0.3237,9,KALIMANTAN,KALIMANTAN BARAT,KUBU RAYA,SUNGAIRAYA,AQUA,2021-02-26,13:17:00
109.5044,-0.3144,9,KALIMANTAN,KALIMANTAN BARAT,KUBU RAYA,SUNGAIRAYA,AQUA,2021-02-26,13:17:00
109.6123,-0.3086,8,KALIMANTAN,KALIMANTAN BARAT,KUBU RAYA,SUNGAIRAYA,AQUA,2021-02-26,13:17:00
109.5439,-0.3431,8,KALIMANTAN,KALIMANTAN BARAT,KUBU RAYA,SUNGAIRAYA,AQUA,2021-02-26,13:17:00
109.5535,-0.3417,9,KALIMANTAN,KALIMANTAN BARAT,KUBU RAYA,SUNGAIRAYA,AQUA,2021-02-26,13:17:00
109.3526,-0.1614,8,KALIMANTAN,KALIMANTAN BARAT,KUBU RAYA,SUNGAIRAYA,AQUA,2021-02-26,13:17:00
109.3622,-0.1600,9,KALIMANTAN,KALIMANTAN BARAT,KUBU RAYA,SUNGAIRAYA,AQUA,2021-02-26,13:17:00
109.3609,-0.1508,8,KALIMANTAN,KALIMANTAN BARAT,KUBU RAYA,SUNGAIRAYA,AQUA,2021-02-26,13:16:00
109.3704,-0.1494,9,KALIMANTAN,KALIMANTAN BARAT,KUBU RAYA,SUNGAIRAYA,AQUA,2021-02-26,13:17:00
109.3800,-0.1481,8,KALIMANTAN,KALIMANTAN BARAT,KUBU RAYA,SUNGAIRAYA,AQUA,2021-02-26,13:17:00
109.3569,-0.1230,9,KALIMANTAN,KALIMANTAN BARAT,KUBU RAYA,SUNGAIRAYA,AQUA,2021-02-26,13:17:00
109.3906,-0.1812,7,KALIMANTAN,KALIMANTAN BARAT,KUBU RAYA,SUNGAIRAYA,AQUA,2021-02-26,13:17:00
109.4002,-0.1798,8,KALIMANTAN,KALIMANTAN BARAT,KUBU RAYA,SUNGAIRAYA,AQUA,2021-02-26,13:17:00
109.5818,-0.2107,8,KALIMANTAN,KALIMANTAN BARAT,KUBU RAYA,SUNGAIRAYA,AQUA,2021-02-26,13:17:00
109.5832,-0.2200,9,KALIMANTAN,KALIMANTAN BARAT,KUBU RAYA,SUNGAIRAYA,AQUA,2021-02-26,13:17:00
109.5804,-0.2247,8,KALIMANTAN,KALIMANTAN BARAT,KUBU RAYA,SUNGAIRAYA,SNPP,2021-02-26,13:29:45
109.5554,-0.2384,8,KALIMANTAN,KALIMANTAN BARAT,KUBU RAYA,SUNGAIRAYA,SNPP,2021-02-26,13:29:45
109.5645,-0.2271,8,KALIMANTAN,KALIMANTAN BARAT,KUBU RAYA,SUNGAIRAYA,SNPP,2021-02-26,13:29:45
109.5539,-0.2416,8,KALIMANTAN,KALIMANTAN BARAT,KUBU RAYA,SUNGAIRAYA,SNPP,2021-02-26,13:29:45
109.5501,-0.2392,8,KALIMANTAN,KALIMANTAN BARAT,KUBU RAYA,SUNGAIRAYA,SNPP,2021-02-26,13:29:45
109.5487,-0.2425,8,KALIMANTAN,KALIMANTAN BARAT,KUBU RAYA,SUNGAIRAYA,SNPP,2021-02-26,13:29:45
109.5508,-0.2441,8,KALIMANTAN,KALIMANTAN BARAT,KUBU RAYA,SUNGAIRAYA,SNPP,2021-02-26,13:29:45
109.5015,-0.2500,8,KALIMANTAN,KALIMANTAN BARAT,KUBU RAYA,SUNGAIRAYA,SNPP,2021-02-26,13:29:45
109.4916,-0.2432,9,KALIMANTAN,KALIMANTAN BARAT,KUBU RAYA,SUNGAIRAYA,SNPP,2021-02-26,13:29:45
109.4976,-0.2472,8,KALIMANTAN,KALIMANTAN BARAT,KUBU RAYA,SUNGAIRAYA,SNPP,2021-02-26,13:29:45
109.4963,-0.2508,8,KALIMANTAN,KALIMANTAN BARAT,KUBU RAYA,SUNGAIRAYA,SNPP,2021-02-26,13:29:45
109.4976,-0.2605,8,KALIMANTAN,KALIMANTAN BARAT,KUBU RAYA,SUNGAIRAYA,SNPP,2021-02-26,13:29:45
109.4944,-0.2625,8,KALIMANTAN,KALIMANTAN BARAT,KUBU RAYA,SUNGAIRAYA,SNPP,2021-02-26,13:29:45
109.4983,-0.2653,8,KALIMANTAN,KALIMANTAN BARAT,KUBU RAYA,SUNGAIRAYA,SNPP,2021-02-26,13:29:45
109.4997,-0.2617,8,KALIMANTAN,KALIMANTAN BARAT,KUBU RAYA,SUNGAIRAYA,SNPP,2021-02-26,13:29:45
109.5022,-0.2548,8,KALIMANTAN,KALIMANTAN BARAT,KUBU RAYA,SUNGAIRAYA,SNPP,2021-02-26,13:29:45
109.5042,-0.2560,8,KALIMANTAN,KALIMANTAN BARAT,KUBU RAYA,SUNGAIRAYA,SNPP,2021-02-26,13:29:45
109.5010,-0.3191,8,KALIMANTAN,KALIMANTAN BARAT,KUBU RAYA,SUNGAIRAYA,SNPP,2021-02-26,13:29:45
109.5002,-0.3143,8,KALIMANTAN,KALIMANTAN BARAT,KUBU RAYA,SUNGAIRAYA,SNPP,2021-02-26,13:29:45
109.5055,-0.3135,8,KALIMANTAN,KALIMANTAN BARAT,KUBU RAYA,SUNGAIRAYA,SNPP,2021-02-26,13:29:45
109.5534,-0.3110,8,KALIMANTAN,KALIMANTAN BARAT,KUBU RAYA,SUNGAIRAYA,SNPP,2021-02-26,13:29:45
109.5518,-0.3360,8,KALIMANTAN,KALIMANTAN BARAT,KUBU RAYA,SUNGAIRAYA,SNPP,2021-02-26,13:29:45
109.6099,-0.3143,8,KALIMANTAN,KALIMANTAN BARAT,KUBU RAYA,SUNGAIRAYA,SNPP,2021-02-27,00:29:47
109.6078,-0.3125,8,KALIMANTAN,KALIMANTAN BARAT,KUBU RAYA,SUNGAIRAYA,SNPP,2021-02-26,13:29:45
109.5541,-0.3159,8,KALIMANTAN,KALIMANTAN BARAT,KUBU RAYA,SUNGAIRAYA,SNPP,2021-02-26,13:29:45
109.6106,-0.3096,8,KALIMANTAN,KALIMANTAN BARAT,KUBU RAYA,SUNGAIRAYA,SNPP,2021-02-27,00:29:47
109.6130,-0.3117,8,KALIMANTAN,KALIMANTAN BARAT,KUBU RAYA,SUNGAIRAYA,SNPP,2021-02-26,13:29:45
109.5578,-0.3400,8,KALIMANTAN,KALIMANTAN BARAT,KUBU RAYA,SUNGAIRAYA,SNPP,2021-02-26,13:29:45
109.5525,-0.3408,8,KALIMANTAN,KALIMANTAN BARAT,KUBU RAYA,SUNGAIRAYA,SNPP,2021-02-26,13:29:45
109.5530,-0.3399,8,KALIMANTAN,KALIMANTAN BARAT,KUBU RAYA,SUNGAIRAYA,SNPP,2021-02-27,00:29:47
109.3547,-0.1615,8,KALIMANTAN,KALIMANTAN BARAT,KUBU RAYA,SUNGAIRAYA,SNPP,2021-02-26,13:29:45
109.3576,-0.1609,8,KALIMANTAN,KALIMANTAN BARAT,KUBU RAYA,SUNGAIRAYA,SNPP,2021-02-26,13:29:45
109.3606,-0.1655,8,KALIMANTAN,KALIMANTAN BARAT,KUBU RAYA,SUNGAIRAYA,SNPP,2021-02-26,13:29:45
109.3635,-0.1649,8,KALIMANTAN,KALIMANTAN BARAT,KUBU RAYA,SUNGAIRAYA,SNPP,2021-02-26,13:29:45
109.3651,-0.1600,8,KALIMANTAN,KALIMANTAN BARAT,KUBU RAYA,SUNGAIRAYA,SNPP,2021-02-26,13:29:45
109.3628,-0.1601,9,KALIMANTAN,KALIMANTAN BARAT,KUBU RAYA,SUNGAIRAYA,SNPP,2021-02-26,13:29:45
109.3599,-0.1608,8,KALIMANTAN,KALIMANTAN BARAT,KUBU RAYA,SUNGAIRAYA,SNPP,2021-02-26,13:29:45
109.3740,-0.1488,8,KALIMANTAN,KALIMANTAN BARAT,KUBU RAYA,SUNGAIRAYA,SNPP,2021-02-26,13:29:45
109.3784,-0.1432,8,KALIMANTAN,KALIMANTAN BARAT,KUBU RAYA,SUNGAIRAYA,SNPP,2021-02-26,13:29:45
109.3681,-0.1448,8,KALIMANTAN,KALIMANTAN BARAT,KUBU RAYA,SUNGAIRAYA,SNPP,2021-02-26,13:29:45
109.3629,-0.1456,8,KALIMANTAN,KALIMANTAN BARAT,KUBU RAYA,SUNGAIRAYA,SNPP,2021-02-26,13:29:45
109.3697,-0.1201,8,KALIMANTAN,KALIMANTAN BARAT,KUBU RAYA,SUNGAIRAYA,SNPP,2021-02-26,13:29:45
109.3587,-0.1169,8,KALIMANTAN,KALIMANTAN BARAT,KUBU RAYA,SUNGAIRAYA,SNPP,2021-02-26,13:29:45
109.3674,-0.1400,8,KALIMANTAN,KALIMANTAN BARAT,KUBU RAYA,SUNGAIRAYA,SNPP,2021-02-26,13:29:45
109.4031,-0.1831,8,KALIMANTAN,KALIMANTAN BARAT,KUBU RAYA,SUNGAIRAYA,SNPP,2021-02-26,13:29:45
109.3996,-0.1792,8,KALIMANTAN,KALIMANTAN BARAT,KUBU RAYA,SUNGAIRAYA,SNPP,2021-02-26,13:29:45
109.4024,-0.1783,8,KALIMANTAN,KALIMANTAN BARAT,KUBU RAYA,SUNGAIRAYA,SNPP,2021-02-26,13:29:45
109.3591,-0.1705,8,KALIMANTAN,KALIMANTAN BARAT,KUBU RAYA,SUNGAIRAYA,SNPP,2021-02-26,13:29:45
109.3562,-0.1711,8,KALIMANTAN,KALIMANTAN BARAT,KUBU RAYA,SUNGAIRAYA,SNPP,2021-02-26,13:29:45
109.3510,-0.1719,8,KALIMANTAN,KALIMANTAN BARAT,KUBU RAYA,SUNGAIRAYA,SNPP,2021-02-26,13:29:45
109.3488,-0.1721,8,KALIMANTAN,KALIMANTAN BARAT,KUBU RAYA,SUNGAIRAYA,SNPP,2021-02-26,13:29:45
109.3627,-0.1944,8,KALIMANTAN,KALIMANTAN BARAT,KUBU RAYA,SUNGAIRAYA,SNPP,2021-02-26,13:29:45
109.3612,-0.1848,8,KALIMANTAN,KALIMANTAN BARAT,KUBU RAYA,SUNGAIRAYA,SNPP,2021-02-26,13:29:45
109.3635,-0.1847,8,KALIMANTAN,KALIMANTAN BARAT,KUBU RAYA,SUNGAIRAYA,SNPP,2021-02-26,13:29:45
109.3583,-0.2000,8,KALIMANTAN,KALIMANTAN BARAT,KUBU RAYA,SUNGAIRAYA,SNPP,2021-02-26,13:29:45
109.3532,-0.2008,8,KALIMANTAN,KALIMANTAN BARAT,KUBU RAYA,SUNGAIRAYA,SNPP,2021-02-26,13:29:45
109.4845,-0.1950,8,KALIMANTAN,KALIMANTAN BARAT,KUBU RAYA,SUNGAIRAYA,SNPP,2021-02-26,13:29:45
109.5796,-0.2198,8,KALIMANTAN,KALIMANTAN BARAT,KUBU RAYA,SUNGAIRAYA,SNPP,2021-02-26,13:29:45
109.5789,-0.2150,7,KALIMANTAN,KALIMANTAN BARAT,KUBU RAYA,SUNGAIRAYA,SNPP,2021-02-26,13:29:45
109.5662,-0.2021,8,KALIMANTAN,KALIMANTAN BARAT,KUBU RAYA,SUNGAIRAYA,SNPP,2021-02-26,13:29:45
109.5842,-0.2142,7,KALIMANTAN,KALIMANTAN BARAT,KUBU RAYA,SUNGAIRAYA,SNPP,2021-02-26,13:29:45
109.5849,-0.2190,8,KALIMANTAN,KALIMANTAN BARAT,KUBU RAYA,SUNGAIRAYA,SNPP,2021-02-26,13:29:45
109.5857,-0.2239,8,KALIMANTAN,KALIMANTAN BARAT,KUBU RAYA,SUNGAIRAYA,SNPP,2021-02-26,13:29:45
109.4609,-0.0912,8,KALIMANTAN,KALIMANTAN BARAT,KUBU RAYA,SUNGAIRAYA,SNPP,2021-02-26,13:29:45
109.4954,-0.2426,7,KALIMANTAN,KALIMANTAN BARAT,KUBU RAYA,SUNGAIRAYA,TERRA,2021-02-26,10:24:00
109.4939,-0.2533,8,KALIMANTAN,KALIMANTAN BARAT,KUBU RAYA,SUNGAIRAYA,TERRA,2021-02-26,10:24:00
109.5069,-0.2551,8,KALIMANTAN,KALIMANTAN BARAT,KUBU RAYA,SUNGAIRAYA,TERRA,2021-02-26,10:24:00
109.5108,-0.3214,8,KALIMANTAN,KALIMANTAN BARAT,KUBU RAYA,SUNGAIRAYA,TERRA,2021-02-26,10:24:00
109.5619,-0.3400,8,KALIMANTAN,KALIMANTAN BARAT,KUBU RAYA,SUNGAIRAYA,TERRA,2021-02-26,10:24:00
109.5556,-0.3431,8,KALIMANTAN,KALIMANTAN BARAT,KUBU RAYA,SUNGAIRAYA,TERRA,2021-02-26,10:24:00
109.5487,-0.3381,8,KALIMANTAN,KALIMANTAN BARAT,KUBU RAYA,SUNGAIRAYA,TERRA,2021-02-26,10:24:00
109.3713,-0.1438,8,KALIMANTAN,KALIMANTAN BARAT,KUBU RAYA,SUNGAIRAYA,TERRA,2021-02-26,10:24:00
109.4824,-0.1926,8,KALIMANTAN,KALIMANTAN BARAT,KUBU RAYA,SUNGAIRAYA,TERRA,2021-02-26,10:24:00
109.6577,1.0870,8,KALIMANTAN,KALIMANTAN BARAT,BENGKAYANG,SANGGAULEDO,SNPP,2021-02-26,13:29:45
109.8106,1.0806,8,KALIMANTAN,KALIMANTAN BARAT,BENGKAYANG,SANGGAULEDO,SNPP,2021-02-26,13:29:45
109.8078,1.0788,8,KALIMANTAN,KALIMANTAN BARAT,BENGKAYANG,SANGGAULEDO,SNPP,2021-02-26,13:29:45
110.1724,-2.0043,8,KALIMANTAN,KALIMANTAN BARAT,KETAPANG,MATAN HILIR SELATAN,SNPP,2021-02-26,13:29:45
110.1094,-1.9117,8,KALIMANTAN,KALIMANTAN BARAT,KETAPANG,MATAN HILIR SELATAN,SNPP,2021-02-27,00:29:47
110.1103,-1.9145,8,KALIMANTAN,KALIMANTAN BARAT,KETAPANG,MATAN HILIR SELATAN,SNPP,2021-02-27,00:29:47
110.0563,-1.6594,8,KALIMANTAN,KALIMANTAN BARAT,KETAPANG,MUARA PAWAN,AQUA,2021-02-26,13:17:00
110.2287,-0.8964,8,KALIMANTAN,KALIMANTAN BARAT,KETAPANG,SIMPANG DUA,SNPP,2021-02-26,13:29:45
110.2287,-0.8975,8,KALIMANTAN,KALIMANTAN BARAT,KETAPANG,SIMPANG DUA,SNPP,2021-02-27,00:29:47
110.2253,-0.8966,8,KALIMANTAN,KALIMANTAN BARAT,KETAPANG,SIMPANG DUA,SNPP,2021-02-26,13:29:45
110.2294,-0.8930,8,KALIMANTAN,KALIMANTAN BARAT,KETAPANG,SIMPANG DUA,SNPP,2021-02-27,00:29:47
110.5878,-0.6238,8,KALIMANTAN,KALIMANTAN BARAT,KETAPANG,SUNGAI LAUR,SNPP,2021-02-26,13:29:45
110.5886,-0.6221,8,KALIMANTAN,KALIMANTAN BARAT,KETAPANG,SUNGAI LAUR,SNPP,2021-02-26,13:29:45
110.2731,-2.4939,8,KALIMANTAN,KALIMANTAN BARAT,KETAPANG,KENDAWANGAN,AQUA,2021-02-26,13:17:00
110.2632,-2.4953,8,KALIMANTAN,KALIMANTAN BARAT,KETAPANG,KENDAWANGAN,AQUA,2021-02-26,13:17:00
110.6660,-2.6212,8,KALIMANTAN,KALIMANTAN BARAT,KETAPANG,KENDAWANGAN,AQUA,2021-02-26,13:17:00
110.6170,-2.4944,8,KALIMANTAN,KALIMANTAN BARAT,KETAPANG,KENDAWANGAN,SNPP,2021-02-26,13:29:45
110.8382,-2.7910,8,KALIMANTAN,KALIMANTAN BARAT,KETAPANG,KENDAWANGAN,SNPP,2021-02-26,13:29:45
111.0832,-2.6133,8,KALIMANTAN,KALIMANTAN BARAT,KETAPANG,MANISAMATA,AQUA,2021-02-26,13:17:00
111.1177,-2.6491,8,KALIMANTAN,KALIMANTAN BARAT,KETAPANG,MANISAMATA,SNPP,2021-02-26,13:29:45
111.1146,-2.6496,8,KALIMANTAN,KALIMANTAN BARAT,KETAPANG,MANISAMATA,SNPP,2021-02-26,13:29:45
111.0865,-2.6127,8,KALIMANTAN,KALIMANTAN BARAT,KETAPANG,MANISAMATA,SNPP,2021-02-27,00:29:47
111.0867,-2.6117,8,KALIMANTAN,KALIMANTAN BARAT,KETAPANG,MANISAMATA,SNPP,2021-02-26,13:29:45
111.0898,-2.6112,9,KALIMANTAN,KALIMANTAN BARAT,KETAPANG,MANISAMATA,SNPP,2021-02-26,13:29:45
111.0906,-2.6163,9,KALIMANTAN,KALIMANTAN BARAT,KETAPANG,MANISAMATA,SNPP,2021-02-26,13:29:45
111.0432,-2.3724,8,KALIMANTAN,KALIMANTAN BARAT,KETAPANG,MANISAMATA,SNPP,2021-02-26,13:29:45
111.0434,-2.3716,8,KALIMANTAN,KALIMANTAN BARAT,KETAPANG,MANISAMATA,SNPP,2021-02-26,13:29:45
111.0494,-2.3281,8,KALIMANTAN,KALIMANTAN BARAT,KETAPANG,MANISAMATA,SNPP,2021-02-26,13:29:45
111.0068,-2.4049,8,KALIMANTAN,KALIMANTAN BARAT,KETAPANG,MANISAMATA,SNPP,2021-02-26,13:29:45
111.0034,-2.7137,8,KALIMANTAN,KALIMANTAN BARAT,KETAPANG,MANISAMATA,SNPP,2021-02-27,00:29:47
111.0029,-2.7118,8,KALIMANTAN,KALIMANTAN BARAT,KETAPANG,MANISAMATA,SNPP,2021-02-27,00:29:47
111.0036,-2.7116,8,KALIMANTAN,KALIMANTAN BARAT,KETAPANG,MANISAMATA,SNPP,2021-02-26,13:29:45
111.0066,-2.7124,8,KALIMANTAN,KALIMANTAN BARAT,KETAPANG,MANISAMATA,SNPP,2021-02-27,00:29:47
111.0071,-2.7143,8,KALIMANTAN,KALIMANTAN BARAT,KETAPANG,MANISAMATA,SNPP,2021-02-27,00:29:47
110.9108,-2.7592,8,KALIMANTAN,KALIMANTAN BARAT,KETAPANG,MANISAMATA,TERRA,2021-02-26,10:24:00
110.6833,-2.1464,8,KALIMANTAN,KALIMANTAN BARAT,KETAPANG,MARAU,SNPP,2021-02-26,13:29:45
110.4847,-1.5240,9,KALIMANTAN,KALIMANTAN BARAT,KETAPANG,NANGATAYAP,AQUA,2021-02-26,13:17:00
110.4845,-1.5198,8,KALIMANTAN,KALIMANTAN BARAT,KETAPANG,NANGATAYAP,SNPP,2021-02-26,13:29:45
110.4904,-1.5189,8,KALIMANTAN,KALIMANTAN BARAT,KETAPANG,NANGATAYAP,SNPP,2021-02-26,13:29:45
110.4932,-1.5184,8,KALIMANTAN,KALIMANTAN BARAT,KETAPANG,NANGATAYAP,SNPP,2021-02-26,13:29:45
110.4917,-1.5135,9,KALIMANTAN,KALIMANTAN BARAT,KETAPANG,NANGATAYAP,SNPP,2021-02-26,13:29:45
110.4861,-1.5144,8,KALIMANTAN,KALIMANTAN BARAT,KETAPANG,NANGATAYAP,SNPP,2021-02-26,13:29:45
110.4950,-1.5217,8,KALIMANTAN,KALIMANTAN BARAT,KETAPANG,NANGATAYAP,TERRA,2021-02-26,10:24:00
109.9471,-0.7085,8,KALIMANTAN,KALIMANTAN BARAT,KETAPANG,SIMPANGHULU,TERRA,2021-02-26,10:24:00
109.3691,0.6103,8,KALIMANTAN,KALIMANTAN BARAT,LANDAK,MEMPAWAH HULU,SNPP,2021-02-26,13:29:45
109.3174,0.2957,8,KALIMANTAN,KALIMANTAN BARAT,LANDAK,MANDOR,SNPP,2021-02-26,13:29:45
109.5309,0.1786,8,KALIMANTAN,KALIMANTAN BARAT,LANDAK,SEBANGKI,AQUA,2021-02-26,13:17:00
109.5101,0.1851,8,KALIMANTAN,KALIMANTAN BARAT,LANDAK,SEBANGKI,AQUA,2021-02-26,13:17:00
109.5198,0.1865,9,KALIMANTAN,KALIMANTAN BARAT,LANDAK,SEBANGKI,AQUA,2021-02-26,13:17:00
109.5364,0.1299,8,KALIMANTAN,KALIMANTAN BARAT,LANDAK,SEBANGKI,SNPP,2021-02-26,13:29:45
109.5265,0.1234,8,KALIMANTAN,KALIMANTAN BARAT,LANDAK,SEBANGKI,SNPP,2021-02-26,13:29:45
109.5318,0.1242,8,KALIMANTAN,KALIMANTAN BARAT,LANDAK,SEBANGKI,SNPP,2021-02-26,13:29:45
109.5541,0.1575,8,KALIMANTAN,KALIMANTAN BARAT,LANDAK,SEBANGKI,SNPP,2021-02-26,13:29:45
109.5362,0.1820,8,KALIMANTAN,KALIMANTAN BARAT,LANDAK,SEBANGKI,SNPP,2021-02-26,13:29:45
109.5081,0.1877,8,KALIMANTAN,KALIMANTAN BARAT,LANDAK,SEBANGKI,SNPP,2021-02-26,13:29:45
109.5225,0.1874,8,KALIMANTAN,KALIMANTAN BARAT,LANDAK,SEBANGKI,SNPP,2021-02-26,13:29:45
109.5188,0.1893,8,KALIMANTAN,KALIMANTAN BARAT,LANDAK,SEBANGKI,SNPP,2021-02-26,13:29:45
111.6092,-0.3250,8,KALIMANTAN,KALIMANTAN BARAT,MELAWI,BELIMBING HULU,SNPP,2021-02-27,00:29:47
111.6085,-0.3264,8,KALIMANTAN,KALIMANTAN BARAT,MELAWI,BELIMBING HULU,SNPP,2021-02-27,00:29:47
111.9625,-0.2178,8,KALIMANTAN,KALIMANTAN BARAT,MELAWI,PINOH UTARA,SNPP,2021-02-26,13:29:45
111.8075,-0.7386,8,KALIMANTAN,KALIMANTAN BARAT,MELAWI,SAYAN,SNPP,2021-02-26,13:29:45
109.0562,0.3673,9,KALIMANTAN,KALIMANTAN BARAT,PONTIANAK,MEMPAWAH TIMUR,AQUA,2021-02-26,13:17:00
109.0374,0.3646,8,KALIMANTAN,KALIMANTAN BARAT,PONTIANAK,MEMPAWAH TIMUR,AQUA,2021-02-26,13:17:00
109.0468,0.3659,9,KALIMANTAN,KALIMANTAN BARAT,PONTIANAK,MEMPAWAH TIMUR,AQUA,2021-02-26,13:17:00
109.0200,0.3527,8,KALIMANTAN,KALIMANTAN BARAT,PONTIANAK,MEMPAWAH TIMUR,AQUA,2021-02-26,13:17:00
109.0202,0.3911,8,KALIMANTAN,KALIMANTAN BARAT,PONTIANAK,MEMPAWAH TIMUR,SNPP,2021-02-26,13:29:45
109.0252,0.3918,8,KALIMANTAN,KALIMANTAN BARAT,PONTIANAK,MEMPAWAH TIMUR,SNPP,2021-02-26,13:29:45
109.0557,0.3689,8,KALIMANTAN,KALIMANTAN BARAT,PONTIANAK,MEMPAWAH TIMUR,SNPP,2021-02-27,00:29:47
109.0286,0.3683,8,KALIMANTAN,KALIMANTAN BARAT,PONTIANAK,MEMPAWAH TIMUR,SNPP,2021-02-26,13:29:45
109.0435,0.3706,8,KALIMANTAN,KALIMANTAN BARAT,PONTIANAK,MEMPAWAH TIMUR,SNPP,2021-02-26,13:29:45
109.0485,0.3713,8,KALIMANTAN,KALIMANTAN BARAT,PONTIANAK,MEMPAWAH TIMUR,SNPP,2021-02-26,13:29:45
109.0501,0.3698,8,KALIMANTAN,KALIMANTAN BARAT,PONTIANAK,MEMPAWAH TIMUR,SNPP,2021-02-27,00:29:47
109.0491,0.3666,8,KALIMANTAN,KALIMANTAN BARAT,PONTIANAK,MEMPAWAH TIMUR,SNPP,2021-02-26,13:29:45
109.0258,0.3534,8,KALIMANTAN,KALIMANTAN BARAT,PONTIANAK,MEMPAWAH TIMUR,SNPP,2021-02-26,13:29:45
109.0279,0.3393,8,KALIMANTAN,KALIMANTAN BARAT,PONTIANAK,MEMPAWAH TIMUR,SNPP,2021-02-26,13:29:45
109.0373,0.3655,8,KALIMANTAN,KALIMANTAN BARAT,PONTIANAK,MEMPAWAH TIMUR,TERRA,2021-02-26,22:43:00
109.3347,-0.0962,8,KALIMANTAN,KALIMANTAN BARAT,PONTIANAK,PONTIANAK SELATAN,SNPP,2021-02-26,13:29:45
109.3340,-0.0914,8,KALIMANTAN,KALIMANTAN BARAT,PONTIANAK,PONTIANAK SELATAN,SNPP,2021-02-26,13:29:45
109.3319,-0.0771,8,KALIMANTAN,KALIMANTAN BARAT,PONTIANAK,PONTIANAK SELATAN,SNPP,2021-02-26,13:29:45
109.3335,-0.0775,8,KALIMANTAN,KALIMANTAN BARAT,PONTIANAK,PONTIANAK SELATAN,SNPP,2021-02-26,13:29:45
109.3328,-0.0727,8,KALIMANTAN,KALIMANTAN BARAT,PONTIANAK,PONTIANAK SELATAN,SNPP,2021-02-26,13:29:45
109.3312,-0.0723,8,KALIMANTAN,KALIMANTAN BARAT,PONTIANAK,PONTIANAK SELATAN,SNPP,2021-02-26,13:29:45
109.3284,-0.0782,8,KALIMANTAN,KALIMANTAN BARAT,PONTIANAK,PONTIANAK SELATAN,SNPP,2021-02-26,13:29:45
109.3224,-0.0835,8,KALIMANTAN,KALIMANTAN BARAT,PONTIANAK,PONTIANAK SELATAN,SNPP,2021-02-26,13:29:45
109.3240,-0.0838,8,KALIMANTAN,KALIMANTAN BARAT,PONTIANAK,PONTIANAK SELATAN,SNPP,2021-02-26,13:29:45
109.3344,-0.0788,9,KALIMANTAN,KALIMANTAN BARAT,PONTIANAK,PONTIANAK SELATAN,TERRA,2021-02-26,10:24:00
109.3039,0.0251,8,KALIMANTAN,KALIMANTAN BARAT,PONTIANAK,PONTIANAK UTARA,AQUA,2021-02-26,13:17:00
109.3121,0.0357,8,KALIMANTAN,KALIMANTAN BARAT,PONTIANAK,PONTIANAK UTARA,AQUA,2021-02-26,13:17:00
109.3598,0.0426,9,KALIMANTAN,KALIMANTAN BARAT,PONTIANAK,PONTIANAK UTARA,AQUA,2021-02-26,13:17:00
109.3489,0.0505,8,KALIMANTAN,KALIMANTAN BARAT,PONTIANAK,PONTIANAK UTARA,AQUA,2021-02-26,13:17:00
109.3503,0.0412,8,KALIMANTAN,KALIMANTAN BARAT,PONTIANAK,PONTIANAK UTARA,AQUA,2021-02-26,13:17:00
109.3194,0.0182,8,KALIMANTAN,KALIMANTAN BARAT,PONTIANAK,PONTIANAK UTARA,SNPP,2021-02-26,13:29:45
109.3170,0.0225,8,KALIMANTAN,KALIMANTAN BARAT,PONTIANAK,PONTIANAK UTARA,SNPP,2021-02-26,13:29:45
109.3136,0.0222,8,KALIMANTAN,KALIMANTAN BARAT,PONTIANAK,PONTIANAK UTARA,SNPP,2021-02-26,13:29:45
109.3026,0.0253,8,KALIMANTAN,KALIMANTAN BARAT,PONTIANAK,PONTIANAK UTARA,SNPP,2021-02-26,13:29:45
109.3003,0.0298,8,KALIMANTAN,KALIMANTAN BARAT,PONTIANAK,PONTIANAK UTARA,SNPP,2021-02-26,13:29:45
109.3019,0.0301,8,KALIMANTAN,KALIMANTAN BARAT,PONTIANAK,PONTIANAK UTARA,SNPP,2021-02-26,13:29:45
109.3054,0.0305,8,KALIMANTAN,KALIMANTAN BARAT,PONTIANAK,PONTIANAK UTARA,SNPP,2021-02-26,13:29:45
109.3114,0.0365,8,KALIMANTAN,KALIMANTAN BARAT,PONTIANAK,PONTIANAK UTARA,SNPP,2021-02-26,13:29:45
109.3098,0.0361,8,KALIMANTAN,KALIMANTAN BARAT,PONTIANAK,PONTIANAK UTARA,SNPP,2021-02-26,13:29:45
109.3090,0.0409,8,KALIMANTAN,KALIMANTAN BARAT,PONTIANAK,PONTIANAK UTARA,SNPP,2021-02-26,13:29:45
109.3107,0.0413,8,KALIMANTAN,KALIMANTAN BARAT,PONTIANAK,PONTIANAK UTARA,SNPP,2021-02-26,13:29:45
109.3694,0.0598,9,KALIMANTAN,KALIMANTAN BARAT,PONTIANAK,PONTIANAK UTARA,SNPP,2021-02-26,13:29:45
109.3613,0.0438,8,KALIMANTAN,KALIMANTAN BARAT,PONTIANAK,PONTIANAK UTARA,SNPP,2021-02-26,13:29:45
109.3628,0.0446,8,KALIMANTAN,KALIMANTAN BARAT,PONTIANAK,PONTIANAK UTARA,SNPP,2021-02-26,13:29:45
109.3605,0.0486,8,KALIMANTAN,KALIMANTAN BARAT,PONTIANAK,PONTIANAK UTARA,SNPP,2021-02-26,13:29:45
109.3621,0.0494,8,KALIMANTAN,KALIMANTAN BARAT,PONTIANAK,PONTIANAK UTARA,SNPP,2021-02-26,13:29:45
109.3665,0.0550,8,KALIMANTAN,KALIMANTAN BARAT,PONTIANAK,PONTIANAK UTARA,SNPP,2021-02-26,13:29:45
109.3495,0.0519,8,KALIMANTAN,KALIMANTAN BARAT,PONTIANAK,PONTIANAK UTARA,SNPP,2021-02-26,13:29:45
109.3517,0.0478,8,KALIMANTAN,KALIMANTAN BARAT,PONTIANAK,PONTIANAK UTARA,SNPP,2021-02-26,13:29:45
109.3576,0.0438,8,KALIMANTAN,KALIMANTAN BARAT,PONTIANAK,PONTIANAK UTARA,SNPP,2021-02-26,13:29:45
109.3561,0.0431,8,KALIMANTAN,KALIMANTAN BARAT,PONTIANAK,PONTIANAK UTARA,SNPP,2021-02-26,13:29:45
109.3532,0.0382,8,KALIMANTAN,KALIMANTAN BARAT,PONTIANAK,PONTIANAK UTARA,SNPP,2021-02-26,13:29:45
109.3517,0.0375,8,KALIMANTAN,KALIMANTAN BARAT,PONTIANAK,PONTIANAK UTARA,SNPP,2021-02-26,13:29:45
109.1484,0.2467,8,KALIMANTAN,KALIMANTAN BARAT,PONTIANAK,SUNGAI PINYUH,SNPP,2021-02-27,00:29:47
109.1367,0.2487,8,KALIMANTAN,KALIMANTAN BARAT,PONTIANAK,SUNGAI PINYUH,SNPP,2021-02-26,13:29:45
109.1373,0.2439,8,KALIMANTAN,KALIMANTAN BARAT,PONTIANAK,SUNGAI PINYUH,SNPP,2021-02-26,13:29:45
109.1680,0.3265,8,KALIMANTAN,KALIMANTAN BARAT,PONTIANAK,ANJONGAN,SNPP,2021-02-26,13:29:45
109.1666,0.3261,8,KALIMANTAN,KALIMANTAN BARAT,PONTIANAK,ANJONGAN,SNPP,2021-02-26,13:29:45
109.1793,0.6011,8,KALIMANTAN,KALIMANTAN BARAT,PONTIANAK,SADANIANG,SNPP,2021-02-26,13:29:45
109.2156,0.2154,8,KALIMANTAN,KALIMANTAN BARAT,PONTIANAK,SEGEDONG,AQUA,2021-02-26,13:17:00
109.2492,0.1571,9,KALIMANTAN,KALIMANTAN BARAT,PONTIANAK,SEGEDONG,AQUA,2021-02-26,13:17:00
109.2251,0.2167,8,KALIMANTAN,KALIMANTAN BARAT,PONTIANAK,SEGEDONG,AQUA,2021-02-26,13:17:00
109.2075,0.2103,8,KALIMANTAN,KALIMANTAN BARAT,PONTIANAK,SEGEDONG,SNPP,2021-02-26,13:29:45
109.2558,0.1300,8,KALIMANTAN,KALIMANTAN BARAT,PONTIANAK,SEGEDONG,SNPP,2021-02-26,13:29:45
109.2537,0.1443,8,KALIMANTAN,KALIMANTAN BARAT,PONTIANAK,SEGEDONG,SNPP,2021-02-26,13:29:45
109.2523,0.1538,8,KALIMANTAN,KALIMANTAN BARAT,PONTIANAK,SEGEDONG,SNPP,2021-02-26,13:29:45
109.2465,0.1578,8,KALIMANTAN,KALIMANTAN BARAT,PONTIANAK,SEGEDONG,SNPP,2021-02-26,13:29:45
109.2516,0.1586,8,KALIMANTAN,KALIMANTAN BARAT,PONTIANAK,SEGEDONG,SNPP,2021-02-26,13:29:45
109.2509,0.1634,7,KALIMANTAN,KALIMANTAN BARAT,PONTIANAK,SEGEDONG,SNPP,2021-02-26,13:29:45
109.2458,0.1626,8,KALIMANTAN,KALIMANTAN BARAT,PONTIANAK,SEGEDONG,SNPP,2021-02-26,13:29:45
109.2533,0.1597,8,KALIMANTAN,KALIMANTAN BARAT,PONTIANAK,SEGEDONG,TERRA,2021-02-26,10:24:00
109.2890,0.0608,8,KALIMANTAN,KALIMANTAN BARAT,PONTIANAK,SIANTAN,AQUA,2021-02-26,13:17:00
109.2947,0.0436,8,KALIMANTAN,KALIMANTAN BARAT,PONTIANAK,SIANTAN,SNPP,2021-02-26,13:29:45
109.2930,0.0433,8,KALIMANTAN,KALIMANTAN BARAT,PONTIANAK,SIANTAN,SNPP,2021-02-26,13:29:45
109.2845,0.0420,8,KALIMANTAN,KALIMANTAN BARAT,PONTIANAK,SIANTAN,SNPP,2021-02-26,13:29:45
109.2828,0.0418,8,KALIMANTAN,KALIMANTAN BARAT,PONTIANAK,SIANTAN,SNPP,2021-02-26,13:29:45
109.2763,0.0506,8,KALIMANTAN,KALIMANTAN BARAT,PONTIANAK,SIANTAN,SNPP,2021-02-26,13:29:45
109.2901,0.0624,8,KALIMANTAN,KALIMANTAN BARAT,PONTIANAK,SIANTAN,SNPP,2021-02-26,13:29:45
109.2945,0.0680,8,KALIMANTAN,KALIMANTAN BARAT,PONTIANAK,SIANTAN,SNPP,2021-02-26,13:29:45
109.2613,0.1166,8,KALIMANTAN,KALIMANTAN BARAT,PONTIANAK,SIANTAN,SNPP,2021-02-26,13:29:45
109.5327,1.6858,8,KALIMANTAN,KALIMANTAN BARAT,SAMBAS,SAJINGAN BESAR,SNPP,2021-02-26,13:29:45
109.1169,1.0836,8,KALIMANTAN,KALIMANTAN BARAT,SAMBAS,SELAKAU TIMUR,AQUA,2021-02-26,13:17:00
109.1243,1.0831,8,KALIMANTAN,KALIMANTAN BARAT,SAMBAS,SELAKAU TIMUR,SNPP,2021-02-27,00:29:47
109.1212,1.0842,8,KALIMANTAN,KALIMANTAN BARAT,SAMBAS,SELAKAU TIMUR,SNPP,2021-02-26,13:29:45
109.1239,1.0851,8,KALIMANTAN,KALIMANTAN BARAT,SAMBAS,SELAKAU TIMUR,SNPP,2021-02-26,13:29:45
109.1205,1.0890,8,KALIMANTAN,KALIMANTAN BARAT,SAMBAS,SELAKAU TIMUR,SNPP,2021-02-26,13:29:45
109.1188,1.0843,8,KALIMANTAN,KALIMANTAN BARAT,SAMBAS,SELAKAU TIMUR,SNPP,2021-02-26,13:29:45
109.1128,1.0848,8,KALIMANTAN,KALIMANTAN BARAT,SAMBAS,SELAKAU TIMUR,SNPP,2021-02-27,00:29:47
109.1275,1.0866,8,KALIMANTAN,KALIMANTAN BARAT,SAMBAS,SELAKAU TIMUR,TERRA,2021-02-26,10:24:00
109.1122,1.4536,8,KALIMANTAN,KALIMANTAN BARAT,SAMBAS,TELUK KERAMAT,SNPP,2021-02-26,13:29:45
109.1302,1.3442,8,KALIMANTAN,KALIMANTAN BARAT,SAMBAS,JAWAI,SNPP,2021-02-26,13:29:45
109.0116,1.0675,8,KALIMANTAN,KALIMANTAN BARAT,SAMBAS,SELAKAU,SNPP,2021-02-26,13:29:45
109.0137,1.0683,8,KALIMANTAN,KALIMANTAN BARAT,SAMBAS,SELAKAU,SNPP,2021-02-26,13:29:45
109.3715,1.2332,8,KALIMANTAN,KALIMANTAN BARAT,SAMBAS,SUBAH,SNPP,2021-02-26,13:29:45
109.3745,1.2367,8,KALIMANTAN,KALIMANTAN BARAT,SAMBAS,SUBAH,SNPP,2021-02-26,13:29:45
109.3770,1.2340,8,KALIMANTAN,KALIMANTAN BARAT,SAMBAS,SUBAH,SNPP,2021-02-26,13:29:45
109.3751,1.2318,8,KALIMANTAN,KALIMANTAN BARAT,SAMBAS,SUBAH,SNPP,2021-02-26,13:29:45
109.4867,1.1535,8,KALIMANTAN,KALIMANTAN BARAT,SAMBAS,SUBAH,SNPP,2021-02-26,13:29:45
109.1198,1.0938,8,KALIMANTAN,KALIMANTAN BARAT,SAMBAS,TEBAS,SNPP,2021-02-26,13:29:45
109.0857,1.2692,8,KALIMANTAN,KALIMANTAN BARAT,SAMBAS,TEKARANG,SNPP,2021-02-26,13:29:45
110.3832,-0.1668,8,KALIMANTAN,KALIMANTAN BARAT,SANGGAU,MELIAU,SNPP,2021-02-26,13:29:45
110.1421,-0.3345,8,KALIMANTAN,KALIMANTAN BARAT,SANGGAU,TOBA,AQUA,2021-02-26,13:17:00
109.9499,-0.4109,7,KALIMANTAN,KALIMANTAN BARAT,SANGGAU,TOBA,TERRA,2021-02-26,10:22:00
112.2058,-0.4695,8,KALIMANTAN,KALIMANTAN BARAT,SINTANG,MENUKUNG,SNPP,2021-02-26,13:29:45
112.2064,-0.4694,8,KALIMANTAN,KALIMANTAN BARAT,SINTANG,MENUKUNG,SNPP,2021-02-26,13:29:45
115.5713,-2.0627,8,KALIMANTAN,KALIMANTAN SELATAN,TABALONG,HARUAI,SNPP,2021-02-27,00:29:47
111.5768,-2.6858,8,KALIMANTAN,KALIMANTAN TENGAH,WARINGIN BARAT,ARUT SELATAN,SNPP,2021-02-27,00:29:47
111.5226,-2.5614,8,KALIMANTAN,KALIMANTAN TENGAH,WARINGIN BARAT,KOTAWARINGIN LAMA,SNPP,2021-02-27,00:29:47
111.5220,-2.5654,8,KALIMANTAN,KALIMANTAN TENGAH,WARINGIN BARAT,KOTAWARINGIN LAMA,SNPP,2021-02-27,00:29:47
111.5704,-2.6276,8,KALIMANTAN,KALIMANTAN TENGAH,WARINGIN BARAT,KOTAWARINGIN LAMA,SNPP,2021-02-27,00:29:47
111.5659,-2.6228,8,KALIMANTAN,KALIMANTAN TENGAH,WARINGIN BARAT,KOTAWARINGIN LAMA,SNPP,2021-02-27,00:29:47
111.5637,-2.6242,9,KALIMANTAN,KALIMANTAN TENGAH,WARINGIN BARAT,KOTAWARINGIN LAMA,SNPP,2021-02-26,13:29:45
111.5653,-2.6268,8,KALIMANTAN,KALIMANTAN TENGAH,WARINGIN BARAT,KOTAWARINGIN LAMA,SNPP,2021-02-27,00:29:47
111.5645,-2.6296,8,KALIMANTAN,KALIMANTAN TENGAH,WARINGIN BARAT,KOTAWARINGIN LAMA,SNPP,2021-02-26,13:29:45
111.5647,-2.6308,8,KALIMANTAN,KALIMANTAN TENGAH,WARINGIN BARAT,KOTAWARINGIN LAMA,SNPP,2021-02-27,00:29:47
111.5698,-2.6316,8,KALIMANTAN,KALIMANTAN TENGAH,WARINGIN BARAT,KOTAWARINGIN LAMA,SNPP,2021-02-27,00:29:47
111.5749,-2.6324,8,KALIMANTAN,KALIMANTAN TENGAH,WARINGIN BARAT,KOTAWARINGIN LAMA,SNPP,2021-02-27,00:29:47
112.4458,-2.2496,8,KALIMANTAN,KALIMANTAN TENGAH,WARINGIN TIMUR,TELAWANG,AQUA,2021-02-26,13:17:00
111.1480,-1.6162,8,KALIMANTAN,KALIMANTAN TENGAH,LAMANDAU,BATANG KAWA,SNPP,2021-02-26,13:29:45
111.1480,-1.6172,8,KALIMANTAN,KALIMANTAN TENGAH,LAMANDAU,BATANG KAWA,SNPP,2021-02-26,13:29:45
111.0985,-2.7966,8,KALIMANTAN,KALIMANTAN TENGAH,SUKAMARA,PANTAI LUNCI,SNPP,2021-02-26,13:29:45
111.0982,-2.7974,8,KALIMANTAN,KALIMANTAN TENGAH,SUKAMARA,PANTAI LUNCI,SNPP,2021-02-26,13:29:45
111.1899,-2.5773,8,KALIMANTAN,KALIMANTAN TENGAH,SUKAMARA,SUKAMARA,AQUA,2021-02-26,13:17:00
111.1941,-2.5751,8,KALIMANTAN,KALIMANTAN TENGAH,SUKAMARA,SUKAMARA,AQUA,2021-02-26,13:17:00
111.1914,-2.5872,8,KALIMANTAN,KALIMANTAN TENGAH,SUKAMARA,SUKAMARA,AQUA,2021-02-26,13:17:00
111.2024,-2.5856,8,KALIMANTAN,KALIMANTAN TENGAH,SUKAMARA,SUKAMARA,AQUA,2021-02-26,13:17:00
111.1809,-2.6697,8,KALIMANTAN,KALIMANTAN TENGAH,SUKAMARA,SUKAMARA,AQUA,2021-02-26,13:17:00
111.1969,-2.6008,8,KALIMANTAN,KALIMANTAN TENGAH,SUKAMARA,SUKAMARA,SNPP,2021-02-27,00:29:47
111.2020,-2.5928,7,KALIMANTAN,KALIMANTAN TENGAH,SUKAMARA,SUKAMARA,SNPP,2021-02-26,13:29:45
111.1989,-2.5933,7,KALIMANTAN,KALIMANTAN TENGAH,SUKAMARA,SUKAMARA,SNPP,2021-02-26,13:29:45
111.1950,-2.5886,8,KALIMANTAN,KALIMANTAN TENGAH,SUKAMARA,SUKAMARA,SNPP,2021-02-26,13:29:45
111.1981,-2.5881,8,KALIMANTAN,KALIMANTAN TENGAH,SUKAMARA,SUKAMARA,SNPP,2021-02-26,13:29:45
111.2012,-2.5875,8,KALIMANTAN,KALIMANTAN TENGAH,SUKAMARA,SUKAMARA,SNPP,2021-02-26,13:29:45
111.1839,-2.6711,8,KALIMANTAN,KALIMANTAN TENGAH,SUKAMARA,SUKAMARA,SNPP,2021-02-26,13:29:45
111.1851,-2.6703,8,KALIMANTAN,KALIMANTAN TENGAH,SUKAMARA,SUKAMARA,SNPP,2021-02-26,13:29:45
111.1870,-2.6705,8,KALIMANTAN,KALIMANTAN TENGAH,SUKAMARA,SUKAMARA,SNPP,2021-02-26,13:29:45
111.1831,-2.6658,8,KALIMANTAN,KALIMANTAN TENGAH,SUKAMARA,SUKAMARA,SNPP,2021-02-26,13:29:45
111.1842,-2.6651,8,KALIMANTAN,KALIMANTAN TENGAH,SUKAMARA,SUKAMARA,SNPP,2021-02-26,13:29:45
111.1768,-2.5220,8,KALIMANTAN,KALIMANTAN TENGAH,SUKAMARA,SUKAMARA,SNPP,2021-02-26,13:29:45
111.1946,-2.5727,8,KALIMANTAN,KALIMANTAN TENGAH,SUKAMARA,SUKAMARA,SNPP,2021-02-26,13:29:45
111.1915,-2.5732,8,KALIMANTAN,KALIMANTAN TENGAH,SUKAMARA,SUKAMARA,SNPP,2021-02-26,13:29:45
111.1925,-2.5729,8,KALIMANTAN,KALIMANTAN TENGAH,SUKAMARA,SUKAMARA,SNPP,2021-02-26,13:29:45
111.1737,-2.5225,8,KALIMANTAN,KALIMANTAN TENGAH,SUKAMARA,SUKAMARA,SNPP,2021-02-26,13:29:45
111.1962,-2.5771,8,KALIMANTAN,KALIMANTAN TENGAH,SUKAMARA,SUKAMARA,TERRA,2021-02-26,10:24:00
111.2020,-2.5774,8,KALIMANTAN,KALIMANTAN TENGAH,SUKAMARA,SUKAMARA,TERRA,2021-02-26,10:24:00
116.2255,-0.1702,8,KALIMANTAN,KALIMANTAN TIMUR,KUTAI KARTANEGARA,MUARAWIS,SNPP,2021-02-26,11:48:46
127.4356,-1.4600,8,KEPULAUAN MALUKU,MALUKU UTARA,HALMAHERA SELATAN,OBI,SNPP,2021-02-26,11:48:46
127.4391,-1.4595,8,KEPULAUAN MALUKU,MALUKU UTARA,HALMAHERA SELATAN,OBI,SNPP,2021-02-26,11:48:46
127.4351,-1.4567,8,KEPULAUAN MALUKU,MALUKU UTARA,HALMAHERA SELATAN,OBI,SNPP,2021-02-26,11:48:46
128.0014,0.4816,8,KEPULAUAN MALUKU,MALUKU UTARA,HALMAHERA TENGAH,WEDA TENGAH,SNPP,2021-02-26,11:48:46
127.9979,0.4811,8,KEPULAUAN MALUKU,MALUKU UTARA,HALMAHERA TENGAH,WEDA TENGAH,SNPP,2021-02-26,11:48:46
127.9944,0.4805,8,KEPULAUAN MALUKU,MALUKU UTARA,HALMAHERA TENGAH,WEDA TENGAH,SNPP,2021-02-26,11:48:46
128.1984,0.4602,8,KEPULAUAN MALUKU,MALUKU UTARA,HALMAHERA TENGAH,WEDA UTARA,SNPP,2021-02-26,11:48:46
131.9810,-1.5466,8,PAPUA,PAPUA BARAT,SORONG SELATAN,TEMINABUAN,TERRA,2021-02-26,08:45:00
119.2858,-2.1213,8,SULAWESI,SULAWESI BARAT,MAMUJU TENGAH,BUDONG-BUDONG,SNPP,2021-02-26,11:48:46
119.4033,-1.8870,8,SULAWESI,SULAWESI BARAT,MAMUJU TENGAH,KAROSSA,SNPP,2021-02-26,11:48:46
119.6243,-2.3708,8,SULAWESI,SULAWESI BARAT,MAMUJU,KALUMPANG,SNPP,2021-02-26,11:48:46
119.5212,-2.5590,8,SULAWESI,SULAWESI BARAT,MAMUJU,KALUMPANG,SNPP,2021-02-26,11:48:46
119.6265,-4.9456,8,SULAWESI,SULAWESI SELATAN,MAROS,BANTIMURUNG,SNPP,2021-02-27,00:29:47
121.8642,-4.0977,8,SULAWESI,SULAWESI TENGGARA,KOLAKA TIMUR,LOEA,SNPP,2021-02-26,11:48:46
121.8633,-4.0966,8,SULAWESI,SULAWESI TENGGARA,KOLAKA TIMUR,LOEA,SNPP,2021-02-26,11:48:46
122.0357,-4.5083,8,SULAWESI,SULAWESI TENGGARA,BOMBANA,RAROWATU UTARA,TERRA,2021-02-26,21:05:00
125.1893,1.4440,7,SULAWESI,SULAWESI UTARA,BITUNG,MAESA,TERRA,2021-02-26,08:45:00
122.4869,0.6270,8,SULAWESI,GORONTALO,BOALEMO,PAGUYAMAN,TERRA,2021-02-26,21:03:00
121.7757,0.5478,8,SULAWESI,GORONTALO,PAHUWATO,RANDANGAN,SNPP,2021-02-26,11:48:46
105.3777,-1.7144,8,SUMATERA,KEP. BANGKA BELITUNG,BANGKA BARAT,JEBUS,SNPP,2021-02-26,13:29:45
105.6284,-1.8732,8,SUMATERA,KEP. BANGKA BELITUNG,BANGKA BARAT,KELAPA,SNPP,2021-02-26,13:29:45
105.6652,-2.0053,8,SUMATERA,KEP. BANGKA BELITUNG,BANGKA BARAT,TEMPILANG,SNPP,2021-02-26,13:29:45
105.6658,-2.0090,8,SUMATERA,KEP. BANGKA BELITUNG,BANGKA BARAT,TEMPILANG,SNPP,2021-02-26,13:29:45
106.1077,-2.6325,8,SUMATERA,KEP. BANGKA BELITUNG,BANGKA SELATAN,PAYUNG,SNPP,2021-02-26,13:29:45
106.1190,-2.6103,8,SUMATERA,KEP. BANGKA BELITUNG,BANGKA SELATAN,PAYUNG,SNPP,2021-02-26,13:29:45
105.9522,-2.3673,8,SUMATERA,KEP. BANGKA BELITUNG,BANGKA TENGAH,SUNGAI SELAM,AQUA,2021-02-26,13:17:00
105.9541,-2.3666,8,SUMATERA,KEP. BANGKA BELITUNG,BANGKA TENGAH,SUNGAI SELAM,SNPP,2021-02-26,13:29:45
105.9547,-2.3703,8,SUMATERA,KEP. BANGKA BELITUNG,BANGKA TENGAH,SUNGAI SELAM,SNPP,2021-02-26,13:29:45
105.8436,-2.3687,8,SUMATERA,KEP. BANGKA BELITUNG,BANGKA TENGAH,SUNGAI SELAM,SNPP,2021-02-26,13:29:45
106.7737,-2.5826,8,SUMATERA,KEP. BANGKA BELITUNG,BANGKA TENGAH,KOBA,SNPP,2021-02-26,13:29:45
106.7732,-2.5835,8,SUMATERA,KEP. BANGKA BELITUNG,BANGKA TENGAH,KOBA,SNPP,2021-02-27,00:29:47
105.9405,-2.0523,8,SUMATERA,KEP. BANGKA BELITUNG,BANGKA,MENDO BARAT,SNPP,2021-02-26,13:29:45
106.0880,-1.7751,8,SUMATERA,KEP. BANGKA BELITUNG,BANGKA,SUNGAI LIAT,SNPP,2021-02-26,13:29:45
106.1013,-1.9308,8,SUMATERA,KEP. BANGKA BELITUNG,BANGKA,SUNGAI LIAT,SNPP,2021-02-26,13:29:45
107.9067,-2.6221,8,SUMATERA,KEP. BANGKA BELITUNG,BELITUNG,SIJUK,AQUA,2021-02-26,13:17:00
107.9051,-2.6216,8,SUMATERA,KEP. BANGKA BELITUNG,BELITUNG,SIJUK,SNPP,2021-02-26,13:29:45
104.0657,1.0173,8,SUMATERA,KEP. RIAU,BATAM,SUNGAI BEDUK,SNPP,2021-02-26,13:29:45
104.0662,1.0138,7,SUMATERA,KEP. RIAU,BATAM,SUNGAI BEDUK,SNPP,2021-02-26,13:29:45
104.5846,0.9512,8,SUMATERA,KEP. RIAU,BINTAN,BINTAN TIMUR,AQUA,2021-02-26,13:16:00
104.5384,1.1675,8,SUMATERA,KEP. RIAU,BINTAN,BINTAN UTARA,SNPP,2021-02-26,13:29:45
104.5425,1.1681,8,SUMATERA,KEP. RIAU,BINTAN,BINTAN UTARA,SNPP,2021-02-26,13:29:45
104.6240,1.0281,8,SUMATERA,KEP. RIAU,BINTAN,GUNUNG KIJANG,AQUA,2021-02-26,13:16:00
104.5891,0.9554,8,SUMATERA,KEP. RIAU,BINTAN,GUNUNG KIJANG,SNPP,2021-02-26,13:29:45
104.6322,1.0317,8,SUMATERA,KEP. RIAU,BINTAN,GUNUNG KIJANG,SNPP,2021-02-26,13:29:45
104.6316,1.0353,8,SUMATERA,KEP. RIAU,BINTAN,GUNUNG KIJANG,SNPP,2021-02-26,13:29:45
103.4098,1.0329,7,SUMATERA,KEP. RIAU,KARIMUN,KARIMUN,SNPP,2021-02-26,13:29:45
103.3582,1.0741,8,SUMATERA,KEP. RIAU,KARIMUN,KARIMUN,SNPP,2021-02-26,13:29:45
103.3577,1.0775,8,SUMATERA,KEP. RIAU,KARIMUN,KARIMUN,SNPP,2021-02-26,13:29:45
103.3291,1.0697,8,SUMATERA,KEP. RIAU,KARIMUN,KARIMUN,SNPP,2021-02-26,13:29:45
103.4861,0.7747,9,SUMATERA,KEP. RIAU,KARIMUN,KUNDUR,AQUA,2021-02-27,01:43:00
103.3682,0.7407,8,SUMATERA,KEP. RIAU,KARIMUN,KUNDUR,SNPP,2021-02-26,13:29:45
103.4848,0.7723,8,SUMATERA,KEP. RIAU,KARIMUN,KUNDUR,SNPP,2021-02-27,00:29:47
103.4311,0.8408,8,SUMATERA,KEP. RIAU,KARIMUN,KUNDUR,SNPP,2021-02-26,13:29:45
103.4274,0.8402,7,SUMATERA,KEP. RIAU,KARIMUN,KUNDUR,SNPP,2021-02-26,13:29:45
103.4800,0.7741,9,SUMATERA,KEP. RIAU,KARIMUN,KUNDUR,TERRA,2021-02-26,22:41:00
104.8824,-0.2704,8,SUMATERA,KEP. RIAU,LINGGA,LINGGA,SNPP,2021-02-26,13:29:45
104.8500,-0.1854,8,SUMATERA,KEP. RIAU,LINGGA,LINGGA,SNPP,2021-02-26,13:29:45
104.3921,0.2922,8,SUMATERA,KEP. RIAU,LINGGA,SENAYANG,SNPP,2021-02-26,13:29:45
104.5363,-0.4960,8,SUMATERA,KEP. RIAU,LINGGA,SINGKEP,SNPP,2021-02-26,13:29:45
104.5402,-0.4954,8,SUMATERA,KEP. RIAU,LINGGA,SINGKEP,SNPP,2021-02-26,13:29:45
108.1330,3.8981,8,SUMATERA,KEP. RIAU,NATUNA,BUNGURAN BARAT,AQUA,2021-02-26,13:16:00
108.1809,3.8694,9,SUMATERA,KEP. RIAU,NATUNA,BUNGURAN BARAT,AQUA,2021-02-26,13:16:00
108.1716,3.8681,8,SUMATERA,KEP. RIAU,NATUNA,BUNGURAN BARAT,AQUA,2021-02-26,13:16:00
108.0974,3.8483,8,SUMATERA,KEP. RIAU,NATUNA,BUNGURAN BARAT,SNPP,2021-02-26,13:29:45
108.1372,3.8980,8,SUMATERA,KEP. RIAU,NATUNA,BUNGURAN BARAT,SNPP,2021-02-27,00:29:47
108.1402,3.8974,8,SUMATERA,KEP. RIAU,NATUNA,BUNGURAN BARAT,SNPP,2021-02-26,13:29:45
108.1861,3.8739,8,SUMATERA,KEP. RIAU,NATUNA,BUNGURAN BARAT,SNPP,2021-02-27,00:29:47
108.1787,3.8749,8,SUMATERA,KEP. RIAU,NATUNA,BUNGURAN BARAT,SNPP,2021-02-27,00:29:47
108.1785,3.8743,8,SUMATERA,KEP. RIAU,NATUNA,BUNGURAN BARAT,SNPP,2021-02-26,13:29:45
108.1779,3.8694,8,SUMATERA,KEP. RIAU,NATUNA,BUNGURAN BARAT,SNPP,2021-02-27,00:29:47
108.1852,3.8683,8,SUMATERA,KEP. RIAU,NATUNA,BUNGURAN BARAT,SNPP,2021-02-27,00:29:47
108.1888,3.8678,8,SUMATERA,KEP. RIAU,NATUNA,BUNGURAN BARAT,SNPP,2021-02-27,00:29:47
108.1840,3.8703,8,SUMATERA,KEP. RIAU,NATUNA,BUNGURAN BARAT,SNPP,2021-02-26,13:29:45
108.1897,3.8733,8,SUMATERA,KEP. RIAU,NATUNA,BUNGURAN BARAT,SNPP,2021-02-27,00:29:47
108.1889,3.8710,8,SUMATERA,KEP. RIAU,NATUNA,BUNGURAN BARAT,SNPP,2021-02-26,13:29:45
108.9860,2.5521,8,SUMATERA,KEP. RIAU,NATUNA,SERASAN,SNPP,2021-02-26,13:29:45
104.1392,-4.2343,8,SUMATERA,SUMATERA SELATAN,OGAN KOMERING ULU,BATU RAJA TIMUR,SNPP,2021-02-26,13:29:45
99.9183,2.6108,8,SUMATERA,SUMATERA UTARA,LABUHANBATU UTARA,KWALUH HILIR,SNPP,2021-02-26,13:29:45
99.9178,2.6142,8,SUMATERA,SUMATERA UTARA,LABUHANBATU UTARA,KWALUH HILIR,SNPP,2021-02-26,13:29:45
99.8482,2.6865,8,SUMATERA,SUMATERA UTARA,LABUHANBATU UTARA,KWALUH HILIR,SNPP,2021-02-26,13:29:45
99.4400,3.3660,7,SUMATERA,SUMATERA UTARA,BATUBARA,MEDANG DERAS,SNPP,2021-02-26,13:29:45
99.4654,3.3211,8,SUMATERA,SUMATERA UTARA,BATUBARA,SEI SUKA,SNPP,2021-02-26,13:29:45
100.1763,2.5992,8,SUMATERA,SUMATERA UTARA,LABUHANBATU,PANEI HILIR,AQUA,2021-02-26,13:16:00
100.2003,2.5890,9,SUMATERA,SUMATERA UTARA,LABUHANBATU,PANEI HILIR,AQUA,2021-02-26,13:16:00
100.1997,2.5597,7,SUMATERA,SUMATERA UTARA,LABUHANBATU,PANEI HILIR,SNPP,2021-02-26,13:29:45
100.2002,2.5564,7,SUMATERA,SUMATERA UTARA,LABUHANBATU,PANEI HILIR,SNPP,2021-02-26,13:29:45
100.2017,2.5944,7,SUMATERA,SUMATERA UTARA,LABUHANBATU,PANEI HILIR,SNPP,2021-02-26,13:29:45
100.2002,2.5804,7,SUMATERA,SUMATERA UTARA,LABUHANBATU,PANEI HILIR,SNPP,2021-02-26,13:29:45
100.1926,2.6067,7,SUMATERA,SUMATERA UTARA,LABUHANBATU,PANEI HILIR,SNPP,2021-02-26,13:29:45
100.2031,2.5955,8,SUMATERA,SUMATERA UTARA,LABUHANBATU,PANEI HILIR,TERRA,2021-02-26,22:41:00
96.2077,4.1121,8,SUMATERA,ACEH,NAGANRAYA,KUALA,TERRA,2021-02-26,22:41:00
104.9827,-4.5865,8,SUMATERA,LAMPUNG,TULANG BAWANG BARAT,TULANG BAWANG UDIK,TERRA,2021-02-26,10:24:00
104.6429,-4.4391,8,SUMATERA,LAMPUNG,WAY KANAN,NEGERI AGUNG,SNPP,2021-02-26,13:29:45
104.3547,-4.4833,8,SUMATERA,LAMPUNG,WAY KANAN,WAYTUBA,SNPP,2021-02-26,13:29:45
103.1515,-0.2693,8,SUMATERA,RIAU,INDRAGIRI HILIR,BATANG TUAKA,SNPP,2021-02-26,13:29:45
103.3355,-0.3974,8,SUMATERA,RIAU,INDRAGIRI HILIR,TANAH MERAH,SNPP,2021-02-26,13:29:45
102.8688,0.0840,8,SUMATERA,RIAU,INDRAGIRI HILIR,ENOK,AQUA,2021-02-26,13:17:00
103.2319,0.1242,8,SUMATERA,RIAU,INDRAGIRI HILIR,ENOK,AQUA,2021-02-26,13:17:00
103.2337,0.1205,8,SUMATERA,RIAU,INDRAGIRI HILIR,ENOK,SNPP,2021-02-26,13:29:45
103.2296,0.1233,8,SUMATERA,RIAU,INDRAGIRI HILIR,ENOK,SNPP,2021-02-26,13:29:45
103.3806,0.0976,8,SUMATERA,RIAU,INDRAGIRI HILIR,ENOK,SNPP,2021-02-26,13:29:45
103.3777,0.0968,8,SUMATERA,RIAU,INDRAGIRI HILIR,ENOK,SNPP,2021-02-26,13:29:45
103.4690,0.0309,8,SUMATERA,RIAU,INDRAGIRI HILIR,ENOK,SNPP,2021-02-26,13:29:45
103.4660,0.0513,8,SUMATERA,RIAU,INDRAGIRI HILIR,ENOK,SNPP,2021-02-26,13:29:45
103.5191,0.0941,8,SUMATERA,RIAU,INDRAGIRI HILIR,ENOK,SNPP,2021-02-26,13:29:45
103.4931,0.0937,8,SUMATERA,RIAU,INDRAGIRI HILIR,ENOK,SNPP,2021-02-26,13:29:45
103.4936,0.0903,8,SUMATERA,RIAU,INDRAGIRI HILIR,ENOK,SNPP,2021-02-26,13:29:45
103.4154,0.0922,8,SUMATERA,RIAU,INDRAGIRI HILIR,ENOK,SNPP,2021-02-26,13:29:45
103.4371,0.0955,8,SUMATERA,RIAU,INDRAGIRI HILIR,ENOK,SNPP,2021-02-26,13:29:45
103.4366,0.0989,8,SUMATERA,RIAU,INDRAGIRI HILIR,ENOK,SNPP,2021-02-26,13:29:45
103.4180,0.0995,8,SUMATERA,RIAU,INDRAGIRI HILIR,ENOK,SNPP,2021-02-26,13:29:45
103.4080,0.1121,8,SUMATERA,RIAU,INDRAGIRI HILIR,ENOK,SNPP,2021-02-26,13:29:45
103.6295,0.0306,8,SUMATERA,RIAU,INDRAGIRI HILIR,ENOK,SNPP,2021-02-26,13:29:45
103.2217,0.1338,8,SUMATERA,RIAU,INDRAGIRI HILIR,ENOK,TERRA,2021-02-26,10:24:00
103.2306,0.1227,9,SUMATERA,RIAU,INDRAGIRI HILIR,ENOK,TERRA,2021-02-26,10:24:00
103.1546,-0.0304,8,SUMATERA,RIAU,INDRAGIRI HILIR,GAUNGANAKSERKA,SNPP,2021-02-26,13:29:45
103.0556,-0.0488,8,SUMATERA,RIAU,INDRAGIRI HILIR,GAUNGANAKSERKA,SNPP,2021-02-26,13:29:45
103.0520,-0.0493,8,SUMATERA,RIAU,INDRAGIRI HILIR,GAUNGANAKSERKA,SNPP,2021-02-26,13:29:45
103.0543,-0.0645,8,SUMATERA,RIAU,INDRAGIRI HILIR,GAUNGANAKSERKA,SNPP,2021-02-26,13:29:45
103.2236,-0.1706,8,SUMATERA,RIAU,INDRAGIRI HILIR,GAUNGANAKSERKA,SNPP,2021-02-26,13:29:45
103.2185,-0.1611,8,SUMATERA,RIAU,INDRAGIRI HILIR,GAUNGANAKSERKA,SNPP,2021-02-26,13:29:45
103.5399,0.4077,8,SUMATERA,RIAU,INDRAGIRI HILIR,MANDAH,AQUA,2021-02-27,01:43:00
103.5358,0.4005,8,SUMATERA,RIAU,INDRAGIRI HILIR,MANDAH,SNPP,2021-02-27,00:29:47
103.5349,0.4046,8,SUMATERA,RIAU,INDRAGIRI HILIR,MANDAH,SNPP,2021-02-27,00:29:47
103.3054,0.3020,8,SUMATERA,RIAU,INDRAGIRI HILIR,MANDAH,SNPP,2021-02-26,13:29:45
103.3047,0.3024,8,SUMATERA,RIAU,INDRAGIRI HILIR,MANDAH,SNPP,2021-02-26,13:29:45
103.3222,0.3085,8,SUMATERA,RIAU,INDRAGIRI HILIR,MANDAH,SNPP,2021-02-26,13:29:45
103.3263,0.2359,8,SUMATERA,RIAU,INDRAGIRI HILIR,MANDAH,SNPP,2021-02-26,13:29:45
103.3913,0.2214,7,SUMATERA,RIAU,INDRAGIRI HILIR,MANDAH,SNPP,2021-02-26,13:29:45
103.4285,0.1986,8,SUMATERA,RIAU,INDRAGIRI HILIR,MANDAH,SNPP,2021-02-26,13:29:45
103.5330,0.4037,8,SUMATERA,RIAU,INDRAGIRI HILIR,MANDAH,TERRA,2021-02-26,22:41:00
103.5385,0.4074,8,SUMATERA,RIAU,INDRAGIRI HILIR,MANDAH,TERRA,2021-02-26,22:41:00
102.7786,1.1376,8,SUMATERA,RIAU,KEPULAUAN MERANTI,RANGSANG BARAT,AQUA,2021-02-26,13:16:00
102.7932,1.1397,8,SUMATERA,RIAU,KEPULAUAN MERANTI,RANGSANG BARAT,AQUA,2021-02-26,13:16:00
102.7886,1.1411,8,SUMATERA,RIAU,KEPULAUAN MERANTI,RANGSANG BARAT,SNPP,2021-02-26,13:29:45
102.7880,1.1445,8,SUMATERA,RIAU,KEPULAUAN MERANTI,RANGSANG BARAT,SNPP,2021-02-26,13:29:45
103.0042,1.0573,8,SUMATERA,RIAU,KEPULAUAN MERANTI,TEBING TINGGI,AQUA,2021-02-27,01:43:00
103.0131,1.0560,9,SUMATERA,RIAU,KEPULAUAN MERANTI,TEBING TINGGI,AQUA,2021-02-27,01:43:00
103.1559,0.8781,9,SUMATERA,RIAU,KEPULAUAN MERANTI,TEBING TINGGI,AQUA,2021-02-27,01:43:00
103.0054,1.0591,8,SUMATERA,RIAU,KEPULAUAN MERANTI,TEBING TINGGI,SNPP,2021-02-26,13:29:45
103.0319,1.0286,8,SUMATERA,RIAU,KEPULAUAN MERANTI,TEBING TINGGI,SNPP,2021-02-26,13:29:45
103.0324,1.0252,8,SUMATERA,RIAU,KEPULAUAN MERANTI,TEBING TINGGI,SNPP,2021-02-26,13:29:45
103.0049,1.0625,8,SUMATERA,RIAU,KEPULAUAN MERANTI,TEBING TINGGI,SNPP,2021-02-26,13:29:45
102.8609,1.0992,8,SUMATERA,RIAU,KEPULAUAN MERANTI,TEBING TINGGI,SNPP,2021-02-26,13:29:45
103.1539,0.8792,8,SUMATERA,RIAU,KEPULAUAN MERANTI,TEBING TINGGI,SNPP,2021-02-26,13:29:45
103.1519,0.8759,8,SUMATERA,RIAU,KEPULAUAN MERANTI,TEBING TINGGI,SNPP,2021-02-27,00:29:47
103.0023,1.0548,8,SUMATERA,RIAU,KEPULAUAN MERANTI,TEBING TINGGI,TERRA,2021-02-26,22:41:00
103.0137,1.0565,8,SUMATERA,RIAU,KEPULAUAN MERANTI,TEBING TINGGI,TERRA,2021-02-26,22:41:00
103.1461,0.8710,8,SUMATERA,RIAU,KEPULAUAN MERANTI,TEBING TINGGI,TERRA,2021-02-26,22:41:00
100.3459,2.3157,8,SUMATERA,RIAU,ROKAN HILIR,BAGAN SINEMBAH,SNPP,2021-02-26,13:29:45
101.8871,1.2952,7,SUMATERA,RIAU,BENGKALIS,BUKIT BATU,AQUA,2021-02-26,13:16:00
101.6848,2.0861,8,SUMATERA,RIAU,BENGKALIS,RUPAT UTARA,SNPP,2021-02-26,13:29:45
101.6611,1.9203,7,SUMATERA,RIAU,BENGKALIS,RUPAT,SNPP,2021-02-26,13:29:45
102.8391,0.2051,7,SUMATERA,RIAU,PELALAWAN,KUALA KAMPAR,AQUA,2021-02-26,13:16:00
103.3354,0.5062,8,SUMATERA,RIAU,PELALAWAN,KUALA KAMPAR,AQUA,2021-02-26,13:17:00
103.0818,0.3331,8,SUMATERA,RIAU,PELALAWAN,KUALA KAMPAR,AQUA,2021-02-26,13:17:00
102.9990,0.2980,8,SUMATERA,RIAU,PELALAWAN,KUALA KAMPAR,AQUA,2021-02-26,13:17:00
103.3327,0.5085,8,SUMATERA,RIAU,PELALAWAN,KUALA KAMPAR,SNPP,2021-02-26,13:29:45
103.0831,0.3380,8,SUMATERA,RIAU,PELALAWAN,KUALA KAMPAR,SNPP,2021-02-26,13:29:45
103.0795,0.3375,8,SUMATERA,RIAU,PELALAWAN,KUALA KAMPAR,SNPP,2021-02-26,13:29:45
103.0807,0.3382,8,SUMATERA,RIAU,PELALAWAN,KUALA KAMPAR,SNPP,2021-02-27,00:29:47
102.9774,0.2911,8,SUMATERA,RIAU,PELALAWAN,KUALA KAMPAR,SNPP,2021-02-26,13:29:45
103.0785,0.3405,8,SUMATERA,RIAU,PELALAWAN,KUALA KAMPAR,TERRA,2021-02-26,22:41:00
101.8670,0.9669,8,SUMATERA,RIAU,SIAK,SIAK,AQUA,2021-02-26,13:16:00
